periodo,mes_planeacion,tipo_de_servicio,plataforma,localidad,ns,observaciones,servicio,acompanante,dias
12 AL 16 ENERO,ENERO,INSTALACION,BA200,"LAB REFERENCIA, TLALPAN",832001963,INSTALACION Y CAPACITACION,RICARDO/GUILLERMO,,
12 AL 16 ENERO,ENERO,PREVENTIVO,A15,"ZACOALCO, JALISCO",83105C0238,PREVENTIVO,ALFREDO,,
19 AL 23 ENERO,ENERO,PREVENTIVO,BA200,LA PIEDAD,832001912,2 GARANTIA/ DESTILADOR,ALFREDO,NA,LUN-MAR
19 AL 23 ENERO,ENERO,PREVENTIVO,A15,SAN FELIPE GUANAJUATO,831055992,PAGADO,ALFREDO,NA,
19 AL 23 ENERO,ENERO,PREVENTIVO,A15,ESCARCEGA,831057445,COMODATO,FRANCISCO,JONATAN,
19 AL 23 ENERO,ENERO,PREVENTIVO,A15,VILLAHERMOSA,831057683,GARANTIA 2 MYM,FRANCISCO,JONATAN,
19 AL 23 ENERO,ENERO,PREVENTIVO,BA200,ESCÁRCEGA,832000606,COMODATO,FRANCISCO,JONATAN,
19 AL 23 ENERO,ENERO,PREVENTIVO,BA400,VILLAHERMOSA,834001825,COMODATO,FRANCISCO,JONATAN,
19 AL 23 ENERO,ENERO,INSTALACION,A15,SAN LUIS POTOSI,NA,INSTALACION Y CAPACITACION,IVONNE,,
19 AL 23 ENERO,ENERO,INSTALACION,A15,MONTERREY,8310507941,INSTALACION Y CAPACITACION,RICARDO,,
19 AL 23 ENERO,ENERO,RECAPACITACION,,HOSPITAL OBREGON,,RECAPACITACION,OLIVIA,,
26 AL 30 ENERO,ENERO,PREVENTIVO,BA200,CAAPS Creel,832001930,RUTA JUNTO CON CENTRUM,CENTRUM LOS REALIZARA,CENTRUM,
26 AL 30 ENERO,ENERO,PREVENTIVO,A15,Centro Salud Gral Trías,831057677,RUTA JUNTO CON CENTRUM,CENTRUM LOS REALIZARA,CENTRUM,
26 AL 30 ENERO,ENERO,PREVENTIVO,A15,H. Comunitario Gmz Farias,831057682,RUTA JUNTO CON CENTRUM,CENTRUM LOS REALIZARA,CENTRUM,
26 AL 30 ENERO,ENERO,PREVENTIVO,A15,Centro Salud Témoris,831057680,RUTA JUNTO CON CENTRUM,CENTRUM LOS REALIZARA,CENTRUM,
26 AL 30 ENERO,ENERO,PREVENTIVO,BA400,H. Comunitario Nvo Casas Grandes,834002697,RUTA JUNTO CON CENTRUM,CENTRUM LOS REALIZARA,CENTRUM,
26 AL 30 ENERO,ENERO,PREVENTIVO,BA200,H. Integral Ojinaga,832001927,RUTA JUNTO CON CENTRUM,CENTRUM LOS REALIZARA,CENTRUM,
26 AL 30 ENERO,ENERO,PREVENTIVO,BA400,H. Gineco Parral,834002770,RUTA JUNTO CON CENTRUM,CENTRUM LOS REALIZARA,CENTRUM,
26 AL 30 ENERO,ENERO,PREVENTIVO,BA400,CAAPS Guachochi,834002774,RUTA JUNTO CON CENTRUM,CENTRUM LOS REALIZARA,CENTRUM,
26 AL 30 ENERO,ENERO,PREVENTIVO,A15,Centro Salud Gpe y Calvo,831057678,RUTA JUNTO CON CENTRUM,CENTRUM LOS REALIZARA,CENTRUM,
26 AL 30 ENERO,ENERO,PREVENTIVO,A15,Centro Salud Delicias,831057679,RUTA JUNTO CON CENTRUM,CENTRUM LOS REALIZARA,CENTRUM,
26 AL 30 ENERO,ENERO,PREVENTIVO,A15,H. Regional de Jiménez,834002816,RUTA JUNTO CON CENTRUM,CENTRUM LOS REALIZARA,CENTRUM,
26 AL 30 ENERO,ENERO,PREVENTIVO,Y15,MANZANILLO,831060840,COMODATO,FRANCISCO,CARLOS,
26 AL 30 ENERO,ENERO,PREVENTIVO,Y15,TECOMAN CITROJUGO,831060519,REQUIERE PAGO,FRANCISCO,CARLOS,
26 AL 30 ENERO,ENERO,PREVENTIVO,A15,MELAQUE,831055493,PAGADO,FRANCISCO,CARLOS,
26 AL 30 ENERO,ENERO,PREVENTIVO,A15,BUCERIAS,,COMODATO,ALFREDO,,
26 AL 30 ENERO,ENERO,PREVENTIVO,A15,PUERTO VALLARTA,,COMODATO,ALFREDO,,
26 AL 30 ENERO,ENERO,PREVENTIVO,A15,TEPIC,,COMODATO,ALFREDO,,
26 AL 30 ENERO,ENERO,INSTALACION,A15,"MAZATLAN, SINALOA",,INSTALACION Y CAPACITACION,IVONNE,,
26 AL 30 ENERO,ENERO,VISITA,,SLP DICIPA,,VISITA,MARTHA,,
26 AL 30 ENERO,ENERO,RECAPACITACION,BA400,CEDIVETE,834001809,RECAPACITACION,RICARDO,,
26 AL 30 ENERO,ENERO,INSTALACION,IPRO,CDMX,841010260,INSTALACION,GUILLERMO,VERO ESPARZA,MAR 4:00
02 AL 06 FEBRERO,FEBRERO,PREVENTIVO,BA200,CDMX Sn Antonio Abad,832001427,COMODATO FALCON,GUILLERMO,,
02 AL 06 FEBRERO,FEBRERO,PREVENTIVO,A15,UNAM,831056827,,GUILLERMO,,
02 AL 06 FEBRERO,FEBRERO,PREVENTIVO,A15,EDOMEX EL ORO,831061235,GARANTIA 1,GUILLERMO,,
02 AL 06 FEBRERO,FEBRERO,PREVENTIVO,BA200,CDMX ISSSTE Moctezuma,832001371,COMODATO FALCON,BENJAMIN,,
02 AL 06 FEBRERO,FEBRERO,PREVENTIVO,BA400,CDMX CAD SAN RAFAEL,834002465,COMODATO FALCON,BENJAMIN,,
02 AL 06 FEBRERO,FEBRERO,PREVENTIVO,BA200,CDMX ISSSTE Morelos,832001373,COMODATO FALCON,BENJAMIN,,
02 AL 06 FEBRERO,FEBRERO,INSTALACION,A15,VILLA UNION,,INSTALACION Y CAPACITACION,IVONNE,,
02 AL 06 FEBRERO,FEBRERO,INSTALACION,A15,GUASAVE,,INSTALACION Y CAPACITACION,CHITALA,,
02 AL 06 FEBRERO,FEBRERO,PREVENTIVO,A25,MAZATLAN LAB QUIMICOS,831015653,COMODATO MILSA,FRANCISCO,CARLOS,
02 AL 06 FEBRERO,FEBRERO,PREVENTIVO,BA400,MAZATLAN LAB CANIZALES,834002661,COMODATO MILSA,FRANCISCO,CARLOS,
02 AL 06 FEBRERO,FEBRERO,PREVENTIVO,Y15,PINSA,831060848,PAGADO,FRANCISCO,CARLOS,
02 AL 06 FEBRERO,FEBRERO,CORRECTIVO,A15,PETATLAN,831057756,CORRECTIVO AXMILAB,ALFREDO,,
02 AL 06 FEBRERO,FEBRERO,CAPACITACION,BA400,MEDICA GASA CDMX,834002001,INSTALACION Y CAPACITACION,RICARDO,,
02 AL 06 FEBRERO,FEBRERO,PREVENTIVO,BA400,CHIAPAS ISSSTE COMITAN,834002479,COMODATO FALCON,HECTOR,,
02 AL 06 FEBRERO,FEBRERO,PREVENTIVO,BA400,ISSSTE SAN CRISTOBAL,834002475,COMODATO FALCON,HECTOR,,
02 AL 06 FEBRERO,FEBRERO,PREVENTIVO,A15,LAPALENQUE,831057793,GARANTIA 1,HECTOR,,
02 AL 06 FEBRERO,FEBRERO,PREVENTIVO,A15,"MOLINALAB, PALENQUE",831057794,GARANTIA 1,HECTOR,,
02 AL 06 FEBRERO,FEBRERO,PREINSTALACION,A15,MEDICA SUR,NA,PREINSTALACION,MILKA,,JUEVES
09 AL 13 FEBRERO,FEBRERO,REACONDICIONAMIENTO,BA200,REACON VILLAHERMOSA,832000619,REACONDICIONAMIENTO,,OFICINAS M&M,
09 AL 13 FEBRERO,FEBRERO,PREVENTIVO,A25,SAN JOSE ITURBIDE,831014776,PREVENTIVO PAGADO,FRANCISCO,,
09 AL 13 FEBRERO,FEBRERO,PREVENTIVO,A15,YURIRIA,831054796,PREVENTIVO PAGADO,FRANCISCO,,
09 AL 13 FEBRERO,FEBRERO,PREVENTIVO,A15,SAN FRANCISCO RINCON,831057256,PREVENTIVO PAGADO,FRANCISCO,,
09 AL 13 FEBRERO,FEBRERO,CAPACITACION,A15,GDL,831056423,INSTALACION Y CAPACITACION,MARTHA,,
09 AL 13 FEBRERO,FEBRERO,PREVENTIVO,A15,REYNOSA,,PREVENTIVO,ALFREDO,,
09 AL 13 FEBRERO,FEBRERO,PREVENTIVO,A15,BUCERIAS,,PREVENTIVO,ALFREDO,,
09 AL 13 FEBRERO,FEBRERO,PREVENTIVO,A15,PUERTO VALLARTA,,PREVENTIVO,ALFREDO,,
09 AL 13 FEBRERO,FEBRERO,VISITA,BA200,LABCLIM,832001963,APLICACION TECNICAS,RICARDO,,
09 AL 13 FEBRERO,FEBRERO,CAPACITACION,A15,GDL,831056423,INSTALACION Y CAPACITACION,CHITALA,,
16 AL 20 FEBRERO,FEBRERO,GUADALAJARA,TODAS,GUADALAJARA,NA,,TODOS,,
23 AL 27 FEBRERO,FEBRERO,PREVENTIVO,BA400,RIO GRANDE,834000257,COMODATO FALCON ZACATECAS,ALFREDO/NAVARRO,,YA SE REALIZO
23 AL 27 FEBRERO,FEBRERO,PREVENTIVO,BA400,CONCEPCION DEL ORO,834000288,COMODATO FALCON ZACATECAS,ALFREDO/NAVARRO,,
23 AL 27 FEBRERO,FEBRERO,PREVENTIVO,BA400,PINOS,834000429,COMODATO FALCON ZACATECAS,ALFREDO/NAVARRO,,
23 AL 27 FEBRERO,FEBRERO,PREVENTIVO,BA400,VILLANUEVA,834000473,COMODATO FALCON ZACATECAS,ALFREDO/NAVARRO,,
23 AL 27 FEBRERO,FEBRERO,PREVENTIVO,BA400,TLALTENANGO,834000434,COMODATO FALCON ZACATECAS,ALFREDO/NAVARRO,,
23 AL 27 FEBRERO,FEBRERO,REACONDICIONAMIENTO,BA200,REACONDICIONAMIENTO,BA200,TALLER,FRANCISCO,,
23 AL 27 FEBRERO,FEBRERO,PREVENTIVO,A25,SALAMANCA,831016163,COMODATO,,,
23 AL 27 FEBRERO,FEBRERO,PREVENTIVO,A15,MAPLA CDMX,83105C1233,RECAPACITACION,OLIVIA,,
23 AL 27 FEBRERO,FEBRERO,CAPACITACION,BA200,MINATITLAN,832000619,CAPACITACION,RICARDO,,
23 AL 27 FEBRERO,FEBRERO,PREVENTIVO,BA400,CHIAPAS ISSSTE COMITAN,834002479,COMODATO FALCON,HECTOR,,
23 AL 27 FEBRERO,FEBRERO,PREVENTIVO,BA400,ISSSTE SAN CRISTOBAL,834002475,COMODATO FALCON,HECTOR,,
23 AL 27 FEBRERO,FEBRERO,CAPACITACION,BA200,"EZEQUIEL MONTES, QRO",832001975,RECAPACITACION,ANGEL,,
23 AL 27 FEBRERO,FEBRERO,VISITA,BA400,CD JUAREZ,834003038,VISITA,IVONNE,,
23 AL 27 FEBRERO,FEBRERO,CORRECTIVO,A25,ARCELIA GUERRERO,NA,CORRECTIVO,GUILLERMO/LALO,,
02 AL 06 MARZO,MARZO,PREVENTIVO,BA200,BIOCHECK OAXACA,832001911,2 GARANTIA,HECTOR,,
02 AL 06 MARZO,MARZO,PREVENTIVO,A25,SALAMANCA,831016163,COMODATO,FRANCISCO,,
02 AL 06 MARZO,MARZO,CORRECTIVO,,EQUIPO GUANAJUATO,PENDIENTE,PAGADO,,,
02 AL 06 MARZO,MARZO,PREVENTIVO,BA400,H. Gral Tlapa,834001913,COMODATO AXMILAB GUERRERO,BENJAMIN/LALO,,
02 AL 06 MARZO,MARZO,PREVENTIVO,BA400,H. Gral Tlapa,834002881,COMODATO AXMILAB GUERRERO,BENJAMIN/LALO,,
02 AL 06 MARZO,MARZO,PREVENTIVO,BA400,H madre y niño indigena,834002771,COMODATO AXMILAB GUERRERO,BENJAMIN/LALO,,
02 AL 06 MARZO,MARZO,CAPACITACION,A15,ISSSTE TEKAK,PENDIENTE,CAPACITACION,ANGEL,,
02 AL 06 MARZO,MARZO,CAPACITACION,BA400,ISSSTE CARMEN,,CAPACITACION,ANGEL,,
02 AL 06 MARZO,MARZO,PREVENTIVO,A15,LAB ESPECIALIDADES CLINICAS,831067806,GARANTIA 1,GUILLERMO,,
02 AL 06 MARZO,MARZO,PREVENTIVO,A15,ACC LAB TECAMACHALCO,831057812,GARANTIA 1,GUILLERMO,,
02 AL 06 MARZO,MARZO,PREVENTIVO,BA200,"CHIAUTLA, PUEBLA",832002184,COMODATO,GUILLERMO,,
02 AL 06 MARZO,MARZO,PREVENTIVO,A15,"UNILAB, PUEBLA",831057807,1ER GARANTIA,GUILLERMO,,
02 AL 06 MARZO,MARZO,PREVENTIVO,BA400,CONCEPCION DEL ORO,834000288,COMODATO,NAVARRO/ALFREDO,,
02 AL 06 MARZO,MARZO,PREVENTIVO,BA400,PINOS,834000429,COMODATO,NAVARRO/ALFREDO,,
02 AL 06 MARZO,MARZO,PREVENTIVO,BA400,VILLANUEVA,834000473,COMODATO,NAVARRO/ALFREDO,,
02 AL 06 MARZO,MARZO,PREVENTIVO,BA400,TLALTENANGO,834000434,COMODATO,NAVARRO/ALFREDO,,
02 AL 06 MARZO,MARZO,PREVENTIVO,BA200,"LAB CENTRAL, FRESNILLO",832002188,1ER GARANTIA,,,
02 AL 06 MARZO,MARZO,CAPACITACION,A15,"ARMERIA, COLIMA",,INSTALACION Y CAPACITACION,MARTHA,,
02 AL 06 MARZO,MARZO,CAPACITACION,A15,"EL ROSARIO, SINALOA",8310507960,INSTALACION Y CAPACITACION,CHITALA,,
02 AL 06 MARZO,MARZO,VISITA,BA400,LABORATORIO GASA,834000940,VISITA,RICARDO,,PENDIENTE DIA
09 AL 13 MARZO,MARZO,PREVENTIVO,BA200,H.G Atoyac,832000706,COMODATO AXMILAB GUERRERO,HECTOR/GARCIA,,
09 AL 13 MARZO,MARZO,PREVENTIVO,A15,H.G Zihuatanejo,832001682,COMODATO AXMILAB GUERRERO,HECTOR/GARCIA,,
09 AL 13 MARZO,MARZO,PREVENTIVO,A25,IMSS Técpan,831052061,COMODATO AXMILAB GUERRERO,HECTOR/GARCIA,,
09 AL 13 MARZO,MARZO,PREVENTIVO,A15,IMSS Coyuca,831015662,COMODATO AXMILAB GUERRERO,HECTOR/GARCIA,,
09 AL 13 MARZO,MARZO,PREVENTIVO,A25,Ho. Básico Petatlán,831067796,COMODATO AXMILAB GUERRERO,HECTOR/GARCIA,,
09 AL 13 MARZO,MARZO,PREVENTIVO,A25,TARETAN,PENDIENTE,PAGADO,,,
09 AL 13 MARZO,MARZO,PREVENTIVO,BA400,H.G. Acapulco,834002883,COMODATO AXMILAB GUERRERO,DIEGO/LALO,,
09 AL 13 MARZO,MARZO,PREVENTIVO,BA400,H.G. Acapulco,834001910,COMODATO AXMILAB GUERRERO,DIEGO/LALO,,
09 AL 13 MARZO,MARZO,PREVENTIVO,BA400,Rona,834003070,COMODATO AXMILAB GUERRERO,DIEGO/LALO,,
09 AL 13 MARZO,MARZO,PREVENTIVO,BA200,Rena,832002310,COMODATO AXMILAB GUERRERO,DIEGO/LALO,CAMBIO DEL RENACIMIENTO,
09 AL 13 MARZO,MARZO,CORRECTIVO,Y15,CAMPECHE,831060686,PAGADO,ALFREDO,,
09 AL 13 MARZO,MARZO,CAPACITACION,A15,"RIO VERDE, SAN LUIS POTOSI",8310507964,INSTALACION/CAPACITACION,CHITALA,,
09 AL 13 MARZO,MARZO,CAPACITACION,A15,"OCOSINGO, CHIAPAS",831057880,INSTALACION/CAPACITACION,RICARDO,,
09 AL 13 MARZO,MARZO,CAPACITACION,BA200,CHIHUAHUA,832001781,CAPACITACION,OLIVIA,,
09 AL 13 MARZO,MARZO,VISITA,BA200,EZEQUIEL MONTES,832001975,VISITA,BENJAMIN,,LUN O MARTES
09 AL 13 MARZO,MARZO,CORRECTIVO,A15,"GOMEZ FARIAS, CHIHUAHUA",831067682,CORRECTIVO,GUILLERMO,,
09 AL 13 MARZO,MARZO,CORRECTIVO,A15,"ARMERIA, COLIMA",,CORRECTIVO,FRANCISCO/MARTHA,,
16 AL 20 MARZO,MARZO,PREVENTIVO,A15,ORTHIN CDMX,831067792,COMODATO,GUILLERMO,,
23 AL 27 MARZO,MARZO,PREVENTIVO,BA400,CEDIVET,834001809,COMODATO,GUILLERMO,,
23 AL 27 MARZO,MARZO,PREVENTIVO,BA400,H gral Ometepec,834002765,COMODATO AXMILAB GUERRERO,FRANCISCO,,
23 AL 27 MARZO,MARZO,PREVENTIVO,A15,H.C. Coyula,831051265,COMODATO AXMILAB GUERRERO,FRANCISCO,,
23 AL 27 MARZO,MARZO,PREVENTIVO,BA200,H.G. Ayutla,832000669,COMODATO AXMILAB GUERRERO,FRANCISCO,,
23 AL 27 MARZO,MARZO,PREVENTIVO,A15,H.C. Sn Luis Acatlán,831060228,COMODATO AXMILAB GUERRERO,FRANCISCO,,
23 AL 27 MARZO,MARZO,PREVENTIVO,BA200,CULIACAN LAB DC,83105C1230,GARANTIA 2 JAF'S,ALFREDO,,
23 AL 27 MARZO,MARZO,PREVENTIVO,BA400,CULIACAN LAB NOROESTE,832001962,GARANTIA 2 JAF'S,ALFREDO,,
23 AL 27 MARZO,MARZO,PREVENTIVO,A15,"MISANTLA, VERACRUZ",83105C1229,2DO GARANTIA,EDUARDO,,
23 AL 27 MARZO,MARZO,PREVENTIVO,BA200,"LABORATORIO ALFA, XALAPA",832002189,COMODATO,EDUARDO,,
23 AL 27 MARZO,MARZO,PREVENTIVO,A15,LAB PREDEREGAL,831067796,COMODATO,EDUARDO,,
23 AL 27 MARZO,MARZO,VISITA,NA,APLICACION VERACRUZ,NA,VISITA APLICACION,IVONNE,,
23 AL 27 MARZO,MARZO,PREVENTIVO,BA200,BIOCHECK OAXACA,832001911,2 GARANTIA,HECTOR,,
23 AL 27 MARZO,MARZO,RETIRO,A15,UNAM,831056827,RETIRO,GUILLERMO,,
23 AL 27 MARZO,MARZO,CAPACITACION,A15,LABORATORIO DE LA HOZ,831067264,,RICARDO,,
27 AL 01,ABRIL/MAYO,PREVENTIVO,BA400,CD. JUAREZ Lab Roma,834002775,COMODATO,NAVARRO/RICARDO,,
27 AL 01,ABRIL/MAYO,PREVENTIVO,BA400,CENTRO MEDICO CD JUAREZ HIAR,834003038,COMODATO,NAVARRO/RICARDO,,
27 AL 01,ABRIL/MAYO,PREVENTIVO,A15,LA PALENQUE,831057793,GARANTIA 1,ALFREDO,,
27 AL 01,ABRIL/MAYO,PREVENTIVO,A15,"MOLINALAB, PALENQUE",831057794,GARANTIA 1,ALFREDO,,
27 AL 01,ABRIL/MAYO,PREVENTIVO,BA400,"LAB ESPINOZA, SONORA",834003045,COMODATO,,,
27 AL 01,ABRIL/MAYO,PREVENTIVO,A15,CEC QRO,831057513,PAGADO,GUILLERMO,28 DE ABRIL 8 AM,
27 AL 01,ABRIL/MAYO,PREVENTIVO,BA200,"SAN ANGEL, COLIMA",832002186,PAGADO,FRANCISCO,PENDIENTE COLIMA DIA,
27 AL 01,ABRIL/MAYO,REACONDICIONAMIENTO,BA400,MERIDA OFICINAS ACSUR,834002884,REACONDICIONAMIENTO,FRANCISCO,,
27 AL 01,ABRIL/MAYO,CAPACITACION,NA,APLICATIVO PARA ING,NA,INGES CDMX,MARTHA,,
27 AL 01,ABRIL/MAYO,VISITA,NA,TLAPA,NA,AXMILAB,ANGEL,,
30 AL 03 ABRIL,MARZO/ABRIL,PREVENTIVO,Y15,JUMEX,PENDIENTE,GARANTIA 2,LALO,,
30 AL 03 ABRIL,MARZO/ABRIL,CORRECTIVO,A15,MORELIA LEMUS,831064962,PAGADO,DIEGO GARCIA,,
30 AL 03 ABRIL,MARZO/ABRIL,VISITA,BA400,ADS,834002885,RECAPACITACION,OLIVIA,,
30 AL 03 ABRIL,MARZO/ABRIL,RETIRO,BA400,"LEON, GUANAJUATO",834001807,RETIRO,FRANCISCO,,
06 AL 10 ABRIL,ABRIL,PREVENTIVO,BA200,CENTRO DE SALUD URBANO SAN JUAN DEL RÍO,832001977,COMODATO,GUILLERMO/BENJAMIN,,
06 AL 10 ABRIL,ABRIL,PREVENTIVO,BA200,CENTRO DE SALUD EZEQUIEL MONTES,832001976,COMODATO,GUILLERMO/BENJAMIN,,
06 AL 10 ABRIL,ABRIL,PREVENTIVO,BA200,CENTRO DE SALUD TEQUISQUIAPAN,832002315,COMODATO,GUILLERMO/BENJAMIN,,
06 AL 10 ABRIL,ABRIL,PREVENTIVO,BA200,CENTRO DE SALUD HUIMILPAN,832001976,COMODATO,GUILLERMO/BENJAMIN,,
06 AL 10 ABRIL,ABRIL,PREVENTIVO,BA200,"SAN ANGEL, COLIMA",832002186,COMODATO,FRANCISCO,PENDIENTE COLIMA DIA,
06 AL 10 ABRIL,ABRIL,REACONDICIONAMIENTO,NA,REACONDICIONAMIENTO,NA,,,,
06 AL 10 ABRIL,ABRIL,PREVENTIVO,A15,"PLATON SANCHEZ, TEMPOAL",831067816,1ER GARANTIA,LALO,,
06 AL 10 ABRIL,ABRIL,PREVENTIVO,A15,"LAB SP, EDOMEX",83105C1233,,DIEGO GARCIA,,
06 AL 10 ABRIL,ABRIL,CORRECTIVO,A15,"NOMAC, LAZARO CARDENAS",831066966,PAGADO,ALFREDO,,
06 AL 10 ABRIL,ABRIL,PREVENTIVO,A15,TARETAN,,PAGADO,,,
06 AL 10 ABRIL,ABRIL,CAPACITACION,A15,MERIDA,NA,FALCON MERIDA,MARTHA,,
06 AL 10 ABRIL,ABRIL,PREVENTIVO,BA400,"INSTITUTO DE PENCIONES, CHIHU",834002820,COMODATOS HIAR,RICARDO M,,
06 AL 10 ABRIL,ABRIL,PREVENTIVO,A15,"CENTRO DE IMAGEN, CHIHUAHUA",831067814,COMODATOS HIAR,RICARDO M,,
06 AL 10 ABRIL,ABRIL,CAPACITACION,A15,EDOMEX,831064962,INSTALACION,RICARDO VILCHIS,,
06 AL 10 ABRIL,ABRIL,CAPACITACION,BA200,SAN ANTONIO ABAD,832001427,RECAPACITACION,ANGEL,,
13 AL 17 ABRIL,ABRIL,PREVENTIVO,BA400,Lab Roma Chihuahua,834002772,COMODATO,RICARDO M,,
13 AL 17 ABRIL,ABRIL,PREVENTIVO,BA400,MERASOMA Chihuahua,834002469,COMODATO,RICARDO M,,
13 AL 17 ABRIL,ABRIL,CAPACITACIONES,,CAPACITACIONES,,,HECTOR,,
13 AL 17 ABRIL,ABRIL,PREVENTIVO,Y15,VINEDOS DON LEO,831060627,REQUIERE PAGO,FRANCISCO,CARLOS,
13 AL 17 ABRIL,ABRIL,PREVENTIVO,Y15,PRODUCTOS EX SANTA FE,831060931,REQUIERE PAGO,FRANCISCO,CARLOS,
13 AL 17 ABRIL,ABRIL,PREVENTIVO,Y15,CASA MADERO,,REQUIERE PAGO,FRANCISCO,CARLOS,
13 AL 17 ABRIL,ABRIL,PREVENTIVO,BA200,OFICINAS AXMILAB,832002310,AXMILAB,GUILLERMO/NAVARRO,,
13 AL 17 ABRIL,ABRIL,PREVENTIVO,BA400,HOSP RAYMUNDO ABARCA,834002769,AXMILAB,GUILLERMO/NAVARRO,,
13 AL 17 ABRIL,ABRIL,PREVENTIVO,BA400,HOSP DE LA MADRE Y EL NIÑO,834002768,AXMILAB,GUILLERMO/NAVARRO,LLEVAR CORREA,
13 AL 17 ABRIL,ABRIL,PREVENTIVO,BA200,OFICINAS AXMILAB,832001691,AXMILAB,GUILLERMO/NAVARRO,,
13 AL 17 ABRIL,ABRIL,PREVENTIVO,A25,HOSPITAL COMUNIDAD ZUMPANGO,831015104,AXMILAB,GUILLERMO/NAVARRO,,
13 AL 17 ABRIL,ABRIL,VISITA,BA400,RENA AXMILAB,,AXMILAB,IVONNE,,
13 AL 17 ABRIL,ABRIL,INSTALACION,OSMOSIS,TLAXCALA,NA,INSTALACION,ALFREDO,,
13 AL 17 ABRIL,ABRIL,INSTALACION,OSMOSIS,PUEBLA,,INSTALACION,ALFREDO,,
13 AL 17 ABRIL,ABRIL,CAPACITACION,BA400,AIMSA,834002674,CAPACITACION,OLIVIA,,
13 AL 17 ABRIL,ABRIL,PREVENTIVO,BA400,HOSPITAL GRAL CHILAPA,834000259,AXMILAB,LALO,,
13 AL 17 ABRIL,ABRIL,PREVENTIVO,A15,CENTRO SALUD URBANO CHILAPA,831052164,AXMILAB,LALO,,
13 AL 17 ABRIL,ABRIL,PREVENTIVO,A15,HOSPITAL QUECHULTENANGO,831067878,AXMILAB,LALO,,
13 AL 17 ABRIL,ABRIL,PREVENTIVO,A25,HOSPITAL COMUNITARIO TIXTLA,831015659,AXMILAB,LALO,,
13 AL 17 ABRIL,ABRIL,PREVENTIVO,A15,"MATIAS ROMERO, OAX",83106C1232,GARANTIA,DIEGO GARCIA,,
13 AL 17 ABRIL,ABRIL,CAPACITACION,BA400,GENERAL ACAPULCO,,AXMILAB,DIEGO N,,
13 AL 17 ABRIL,ABRIL,CAPACITACION,BA400,GENERAL MADRE Y EL NIÑO,,AXMILAB,ANGEL,,
20 AL 24 ABRIL,ABRIL,PREVENTIVO,A15,LABORATORIO KONTROLL,831065499,COMODATO FALCON,BENJAMIN,,
20 AL 24 ABRIL,ABRIL,PREVENTIVO,A15,LABORATORIO LYNCA SA DE CV,831062057,COMODATO FALCON,BENJAMIN,,
20 AL 24 ABRIL,ABRIL,PREVENTIVO,A15,NICOLAS BRAVO,83105C1527,COMODATO,LALO,MIER A VIER,
20 AL 24 ABRIL,ABRIL,REUNION,REUNION,REUNION CDMX SERVICIO,NA,SERVICIO,,MAR 8:30 FIESTA INN,
20 AL 24 ABRIL,ABRIL,,,HONDURAS,,,HECTOR,,
20 AL 24 ABRIL,ABRIL,PREVENTIVO,BA400,H. GRAL IGUALA,834002882,AXMILAB,DIEGO GARCIA,,
20 AL 24 ABRIL,ABRIL,PREVENTIVO,A25,H. GRAL ADOLFO PRIETO,834002777,AXMILAB,DIEGO GARCIA,,
20 AL 24 ABRIL,ABRIL,PREVENTIVO,BA200,H. GRAL IGUALA,831016003,AXMILAB,DIEGO GARCIA,,
20 AL 24 ABRIL,ABRIL,PREVENTIVO,BA200,Hospital Gral Huitzuco,832000808,AXMILAB,DIEGO GARCIA,,
20 AL 24 ABRIL,ABRIL,PREVENTIVO,BA400,LAB CARLIN TIERRA BLANCA,834000474,COMODATO,GUILLERMO,,
20 AL 24 ABRIL,ABRIL,PREVENTIVO,A15,Laboratorio Ehrlich,831066733,COMODATO,RICARDO M,,
20 AL 24 ABRIL,ABRIL,PREVENTIVO,BA400,Laboratorio Ehrlich,834000262,COMODATO,RICARDO M,,
20 AL 24 ABRIL,ABRIL,PREVENTIVO,A25,ERLICH Cuauhtemoc,831067674,COMODATO,RICARDO M,,
20 AL 24 ABRIL,ABRIL,INSTALACION,IPRO,LABORATORIO QUEZADA,,INSTALACION,ALFREDO,,
20 AL 24 ABRIL,ABRIL,PREVENTIVO,BA400,CDMX MEDICA POLANCO,834001995,COMODATO,LALO,,
20 AL 24 ABRIL,ABRIL,SEGUIMIENTO,NA,LLAMAS DE SEGUIMIENTO,NA,GOBIERNO,ANGEL,,
20 AL 24 ABRIL,ABRIL,CAPACITACION,BA400,SAN ANTONIO ABAD,,RECAPACITACION,ANGEL,,
20 AL 24 ABRIL,ABRIL,CAPACITACION,NA,CAPACITACION OPERACIONES,NA,CAPACITACION,MARTHA,,
20 AL 24 ABRIL,ABRIL,CAPACITACION,NA,CAPACITACION RICARDO M,NA,CAPACITACION,MARTHA,,
20 AL 24 ABRIL,ABRIL,PREVENTIVO,BA200,LOS CABOS,83200ISE2313,COMODATO,FRANCISCO,,
20 AL 24 ABRIL,ABRIL,PREVENTIVO,A15,LAB ANALISIS CACAHOATAN,831067791,1ER GARANTIA,ALFREDO,,
04 AL 08 MAYO,MAYO,PREVENTIVO,Y15,VINICOLA EL CIELO,831060535,LUN REQUIERE PAGO,FRANCISCO/GUILLERMO,CARLOS,
04 AL 08 MAYO,MAYO,PREVENTIVO,Y15,VINICOLA LA CARRODILLA,831060348,LUN REQUIERE PAGO,FRANCISCO/GUILLERMO,CARLOS,
04 AL 08 MAYO,MAYO,PREVENTIVO,Y15,UABC,831060629,MAR REQUIERE PAGO,FRANCISCO/GUILLERMO,CARLOS,
04 AL 08 MAYO,MAYO,PREVENTIVO,Y15,PEDRO DOMECQ,831060628,MAR REQUIERE PAGO,FRANCISCO/GUILLERMO,CARLOS,
04 AL 08 MAYO,MAYO,PREVENTIVO,Y15,CORONA DEL VALLE,831060688,MAR REQUIERE PAGO,FRANCISCO/GUILLERMO,CARLOS,
04 AL 08 MAYO,MAYO,PREVENTIVO,Y15,WINE FACTORY,831060926,LUN REQUIERE PAGO,FRANCISCO/GUILLERMO,CARLOS,
04 AL 08 MAYO,MAYO,PREVENTIVO,Y15,MONTE XANIC,831060925,LUN REQUIERE PAGO,FRANCISCO/GUILLERMO,CARLOS,
04 AL 08 MAYO,MAYO,PREVENTIVO,Y15,BODEGA DE SANTO TOMAS,831060932,MIE REQUIEREN PAGO,FRANCISCO/GUILLERMO,CARLOS,
04 AL 08 MAYO,MAYO,PREVENTIVO,SPICA,CEVIT,831000104,MIE REQUIEREN PAGO,FRANCISCO/GUILLERMO,CARLOS,
04 AL 08 MAYO,MAYO,PREVENTIVO,Y15,BODEGAS RC,831060994,MIE REQUIEREN PAGO,FRANCISCO/GUILLERMO,CARLOS,
04 AL 08 MAYO,MAYO,PREVENTIVO,BAX00,Romo Sanfer Lab,834002818,YA REALIZADOS,FRANCISCO/GUILLERMO,CARLOS,
04 AL 08 MAYO,MAYO,PREVENTIVO,BAX00,Romo Sanfer Lab,832002074,YA REALIZADOS,FRANCISCO/GUILLERMO,CARLOS,
04 AL 08 MAYO,MAYO,PREVENTIVO,SPICA,MONTE XANIC,831000167,LUN COMODATO,FRANCISCO/GUILLERMO,CARLOS,
04 AL 08 MAYO,MAYO,PREVENTIVO,A25,TIJUANA,831014906,REQUIERE PAGO,FRANCISCO/GUILLERMO,CARLOS,
04 AL 08 MAYO,MAYO,PREVENTIVO,A15,CMF FUENTES BROTANTES,831057575,COMODATO,BENJAMIN,,
04 AL 08 MAYO,MAYO,PREVENTIVO,A15,"LAB ZEMARLAB, TAPILULA",83105C1544,,HECTOR,CAMBIARLO,
04 AL 08 MAYO,MAYO,CAPACITACION,NA,CAPACITACION COMERCIAL,NA,COMERCIAL,MARTHA,PENDIENTE,
04 AL 08 MAYO,MAYO,INSTALACION,BA200,MERIDA,834002884,CAPACITACION,MARTHA,,
11 AL 15 MAYO,MAYO,PREVENTIVO,BA400,CDMX GRUPO ARIES,834002663,COMODATO,DIEGO G,MARTHA,
11 AL 15 MAYO,MAYO,PREVENTIVO,A15,CDMX H. San Luis,83105C1233,COMODATO,LALO,MARTHA,
11 AL 15 MAYO,MAYO,PREVENTIVO,BA200,H. de la Mujer,832002185,COMODATO,BENJA/MEMO,MARTHA,
11 AL 15 MAYO,MAYO,PREVENTIVO,BA400,H. de la Mujer,834002891,COMODATO,BENJA/MEMO,MARTHA,
11 AL 15 MAYO,MAYO,PREVENTIVO,BA400,H. homeopatico,834001811,COMODATO,BENJA/MEMO,MARTHA,
11 AL 15 MAYO,MAYO,CAPACITACION,,CAPACITACION,,GDL,HECTOR,,
18 AL 22 MAYO,MAYO,PREVENTIVO,BA200,"DIAGNOSTICA LAB, QUERETARO",832002312,COMODATO,,,
18 AL 22 MAYO,MAYO,PREVENTIVO,A25,ATLAPEXCO LAB IBARRA,831016238,GARANTIA 1,GUILLERMO,,
18 AL 22 MAYO,MAYO,PREVENTIVO,BA200,SLP LAB,832001686,GARANTIA 1,FRANCISCO,,
18 AL 22 MAYO,MAYO,PREVENTIVO,BA400,CDMX AIMSA,834002674,COMODATO,GUILLERMO,,
18 AL 22 MAYO,MAYO,CAPACITACION,,CAPACITACION,,GDL,HECTOR,,
25 AL 29 MAYO,MAYO,PREVENTIVO,BA200,ZACALTELCO JUSTINIANO,832001780,GARANTIA UNICO,,,
25 AL 29 MAYO,MAYO,PREVENTIVO,A15,CDMX FTES BROTANTES,831057575,COMODATO,GUILLERMO,,
25 AL 29 MAYO,MAYO,PREVENTIVO,BA400,CDMX Lab ADS,834002885,COMODATO,GUILLERMO,,
25 AL 29 MAYO,MAYO,PREVENTIVO,BA400,CDMX Lab ADS,834001909,COMODATO,GUILLERMO,,
01 AL 05 JUNIO,JUNIO,PREVENTIVO,Y15,COAHUILA BUENA FE,831060931,,FRANCISCO,CARLOS,
01 AL 05 JUNIO,JUNIO,PREVENTIVO,Y15,COAHUILA VIÑEDOS DON LEO,831060627,,FRANCISCO,CARLOS,
01 AL 05 JUNIO,JUNIO,PREVENTIVO,Y15,BODEGAS CASA MADERO,831061135,REQUIEREN PAGO,FRANCISCO,CARLOS,
01 AL 05 JUNIO,JUNIO,PREVENTIVO,A15,TORREON HOSP UNIVERSIDAD,83105C1228,COMODATO RONUAG,FRANCISCO,CARLOS,
01 AL 05 JUNIO,JUNIO,CAPACITACION,NA,CAPACITACION EL SALVADOR,NA,GDL,HECTOR,,
08 AL 12 JUNIO,JUNIO,PREVENTIVO,IPRO,AGUASCALIENTES CAMPESTRE,841011145,REQUIERE PAGO,FRANCISCO,,
08 AL 12 JUNIO,JUNIO,PREVENTIVO,BA200,SLP LAB,832001686,GARANTIA 1,FRANCISCO,,
08 AL 12 JUNIO,JUNIO,PREVENTIVO,A25,SLP,831014886,PENDIENTE PAGO,FRANCISCO,,
15 AL 19 JUNIO,JUNIO,PREVENTIVO,A25,ATLAPEXCO LAB IBARRA,831016238,GARANTIA 1,PENDIENTE,,
15 AL 19 JUNIO,JUNIO,PREVENTIVO,A25,Biomédicos de Mérida,831057769,COMODATO,,,
15 AL 19 JUNIO,JUNIO,PREVENTIVO,BA400,Centro Químico Huayacan,834002884,COMODATO,,,
22 AL 26 JUNIO,JUNIO,PREVENTIVO,Y15,Ags Vinicola Sta Elena,831060567,REQUIEREN PAGO,FRANCISCO,CARLOS,
22 AL 26 JUNIO,JUNIO,PREVENTIVO,Y15,Ags Vinicola El Secreto,831060843,REQUIEREN PAGO,FRANCISCO,CARLOS,
