source_file,vigencia_desde,categoria,subcategoria,codigo,descripcion,presentacion,precio_mxn,precio_tipo,contado_mxn,meses_12_mxn,meses_18_mxn,notas
PRECIOS 2026.pdf,2026-02-01,Química clínica manual,,11046,FRUCTOSAMINE 2x50 mL,,10906.0,lista,,,,Más IVA
PRECIOS 2026.pdf,2026-02-01,Química clínica manual,,11500,PROTEIN (TOTAL) 2x250 mL,,933.0,lista,,,,Más IVA
PRECIOS 2026.pdf,2026-02-01,Química clínica manual,,11501,PROTEIN (URINE) 4x50 mL,,4109.0,lista,,,,Más IVA
PRECIOS 2026.pdf,2026-02-01,Química clínica manual,,11502,CREATININE 4x50 mL,,1000.0,lista,,,,Más IVA
PRECIOS 2026.pdf,2026-02-01,Química clínica manual,,11503,GLUCOSE 200 mL,,727.0,lista,,,,Más IVA
PRECIOS 2026.pdf,2026-02-01,Química clínica manual,,11504,GLUCOSE 500 mL,,1156.0,lista,,,,Más IVA
PRECIOS 2026.pdf,2026-02-01,Química clínica manual,,11505,CHOLESTEROL 200 mL,,1576.0,lista,,,,Más IVA
PRECIOS 2026.pdf,2026-02-01,Química clínica manual,,11506,CHOLESTEROL 500 mL,,2804.0,lista,,,,Más IVA
PRECIOS 2026.pdf,2026-02-01,Química clínica manual,,11507,CALCIUM-MTB 2x250 mL,,1143.0,lista,,,,Más IVA
PRECIOS 2026.pdf,2026-02-01,Química clínica manual,,11508,PHOSPHORUS 170 mL,,1529.0,lista,,,,Más IVA
PRECIOS 2026.pdf,2026-02-01,Química clínica manual,,11509,IRON-FERROZINE 4x50 mL,,3119.0,lista,,,,Más IVA
PRECIOS 2026.pdf,2026-02-01,Química clínica manual,,11515,BILIRUBIN (TOTAL&DIRECT) 2x50mL+2x50mL,,1134.0,lista,,,,Más IVA
PRECIOS 2026.pdf,2026-02-01,Química clínica manual,,11516,UREA/BUN - UV 4x50 mL,,2176.0,lista,,,,Más IVA
PRECIOS 2026.pdf,2026-02-01,Química clínica manual,,11517,UREA/BUN - UV 2x250 mL,,5123.0,lista,,,,Más IVA
PRECIOS 2026.pdf,2026-02-01,Química clínica manual,,11520,gamma-GLUTAMYL TRANSFERASE 200 mL,,3720.0,lista,,,,Más IVA
PRECIOS 2026.pdf,2026-02-01,Química clínica manual,,11521,URIC ACID 200 mL,,1499.0,lista,,,,Más IVA
PRECIOS 2026.pdf,2026-02-01,Química clínica manual,,11522,URIC ACID 500 mL,,2841.0,lista,,,,Más IVA
PRECIOS 2026.pdf,2026-02-01,Química clínica manual,,11523,CHOLESTEROL HDL 2x50 mL + 2x50 mL,,1306.0,lista,,,,Más IVA
PRECIOS 2026.pdf,2026-02-01,Química clínica manual,,11527,CALCIUM-MTB 4x50 mL,,904.0,lista,,,,Más IVA
PRECIOS 2026.pdf,2026-02-01,Química clínica manual,,11528,TRIGLYCERIDES 4x50 mL,,2874.0,lista,,,,Más IVA
PRECIOS 2026.pdf,2026-02-01,Química clínica manual,,11529,TRIGLYCERIDES 2x250 mL,,6072.0,lista,,,,Más IVA
PRECIOS 2026.pdf,2026-02-01,Química clínica manual,,11531,AST/GOT 200mL,,2430.0,lista,,,,Más IVA
PRECIOS 2026.pdf,2026-02-01,Química clínica manual,,11533,ALANINE AMINOTRANSFERASE (ALT/GPT) 200mL,,2430.0,lista,,,,Más IVA
PRECIOS 2026.pdf,2026-02-01,Química clínica manual,,11534,alpha-AMYLASE - EPS 40 mL,,4317.0,lista,,,,Más IVA
PRECIOS 2026.pdf,2026-02-01,Química clínica manual,,11536,UREA/BUN - COLOR 4x50 mL,,1178.0,lista,,,,Más IVA
PRECIOS 2026.pdf,2026-02-01,Química clínica manual,,11537,UREA/BUN - COLOR 2x250 mL,,2024.0,lista,,,,Más IVA
PRECIOS 2026.pdf,2026-02-01,Química clínica manual,,11538,GLUCOSE 1000 mL,,2120.0,lista,,,,Más IVA
PRECIOS 2026.pdf,2026-02-01,Química clínica manual,,11539,CHOLESTEROL 1000 mL,,4664.0,lista,,,,Más IVA
PRECIOS 2026.pdf,2026-02-01,Química clínica manual,,11540,URIC ACID 1000 mL,,5135.0,lista,,,,Más IVA
PRECIOS 2026.pdf,2026-02-01,Química clínica manual,,11541,UREA/BUN - UV 1000 mL,,6237.0,lista,,,,Más IVA
PRECIOS 2026.pdf,2026-02-01,Química clínica manual,,11542,CREATININE 2x500 mL,,3712.0,lista,,,,Más IVA
PRECIOS 2026.pdf,2026-02-01,Química clínica manual,,11547,ALBUMIN 2x250 mL,,1648.0,lista,,,,Más IVA
PRECIOS 2026.pdf,2026-02-01,Química clínica manual,,11548,ACID PHOSPHATASE (ACP) 40 mL,,2215.0,lista,,,,Más IVA
PRECIOS 2026.pdf,2026-02-01,Química clínica manual,,11554,TOTAL IRON BINDING CAPACITY,,1323.0,lista,,,,Más IVA
PRECIOS 2026.pdf,2026-02-01,Química clínica manual,,11558,CARBON DIOXIDE (CO2) 1x50 mL,,3455.0,lista,,,,Más IVA
PRECIOS 2026.pdf,2026-02-01,Química clínica manual,,11570,CALCIUM-ARSENAZO 200 mL,,1205.0,lista,,,,Más IVA
PRECIOS 2026.pdf,2026-02-01,Química clínica manual,,11573,ALBUMIN 250 mL,,1120.0,lista,,,,Más IVA
PRECIOS 2026.pdf,2026-02-01,Química clínica manual,,11579,CHOL LDL PRECIPITATING REAGENT 20mL,,2024.0,lista,,,,Más IVA
PRECIOS 2026.pdf,2026-02-01,Química clínica manual,,11580,LACTATE DEHYDROGENASE (LDH) 50 mL,,1710.0,lista,,,,Más IVA
PRECIOS 2026.pdf,2026-02-01,Química clínica manual,,11581,LACTATE DEHYDROGENASE (LDH) 200 mL,,4122.0,lista,,,,Más IVA
PRECIOS 2026.pdf,2026-02-01,Química clínica manual,,11584,gamma-GLUTAMYLTRANSFERASE 50 mL,,1325.0,lista,,,,Más IVA
PRECIOS 2026.pdf,2026-02-01,Química clínica manual,,11588,CHOLINESTERASE 50 mL,,3373.0,lista,,,,Más IVA
PRECIOS 2026.pdf,2026-02-01,Química clínica manual,,11593,ALKALINE PHOSPHATASE (ALP) - AMP 200 mL,,3615.0,lista,,,,Más IVA
PRECIOS 2026.pdf,2026-02-01,Química clínica manual,,11648,CHOL HDL PRECIPITATING REAG 50mL,,648.0,lista,,,,Más IVA
PRECIOS 2026.pdf,2026-02-01,Química clínica manual,,11656,GLUCOSE-HEXOKINASE 200 mL,,1822.0,lista,,,,Más IVA
PRECIOS 2026.pdf,2026-02-01,Química clínica manual,,11757,CHOLESTEROL HDL DIRECT TOOS 80 mL,,5086.0,lista,,,,Más IVA
PRECIOS 2026.pdf,2026-02-01,Química clínica manual,,11760,LIPASE 30 mL,,3411.0,lista,,,,Más IVA
PRECIOS 2026.pdf,2026-02-01,Química clínica manual,,11785,CHOL LDL DIRECT TOOS 80 mL,,6229.0,lista,,,,Más IVA
PRECIOS 2026.pdf,2026-02-01,Química clínica manual,,11790,CREATINE KINASE (CK) 50 mL,,2911.0,lista,,,,Más IVA
PRECIOS 2026.pdf,2026-02-01,Química clínica manual,,11791,CREATINE KINASE (CK) 4x50 mL,,10361.0,lista,,,,Más IVA
PRECIOS 2026.pdf,2026-02-01,Química clínica manual,,11792,CREATINE KINASE-MB (CK-MB) 50 mL,,4656.0,lista,,,,Más IVA
PRECIOS 2026.pdf,2026-02-01,Química clínica manual,,11794,FRUCTOSE 50 ML,,2410.0,lista,,,,Más IVA
PRECIOS 2026.pdf,2026-02-01,Química clínica manual,,11795,CITRATE BSA 2 x 25 mL,,2365.0,lista,,,,Más IVA
PRECIOS 2026.pdf,2026-02-01,Química clínica manual,,11797,MAGNESIUM 4X50 mL,,898.0,lista,,,,Más IVA
PRECIOS 2026.pdf,2026-02-01,Química clínica manual,,11799,alpha-AMYLASE - PANCREATIC 25 mL,,3319.0,lista,,,,Más IVA
PRECIOS 2026.pdf,2026-02-01,Química clínica manual,,11802,CREATININE 2x50 mL,,616.0,lista,,,,Más IVA
PRECIOS 2026.pdf,2026-02-01,Química clínica manual,,11824,CREATINE KINASE-MB (CK-MB) STANDARD 1 mL,,727.0,lista,,,,Más IVA
PRECIOS 2026.pdf,2026-02-01,Química clínica manual,,11837,COPPER-PAESA BS 50mL,,7931.0,lista,,,,Más IVA
PRECIOS 2026.pdf,2026-02-01,Química clínica manual,,11839,OXALATE PRETREATMENT REAGENT 100 tubes,,5022.0,lista,,,,Más IVA
PRECIOS 2026.pdf,2026-02-01,Química clínica dedicada (A15/A25),,12500,PROTEIN (TOTAL) BSA 10x50 mL,,937.0,lista,,,,Más IVA
PRECIOS 2026.pdf,2026-02-01,Química clínica dedicada (A15/A25),,12501,PROTEIN (URINE) BSA 5x50 mL,,5995.0,lista,,,,Más IVA
PRECIOS 2026.pdf,2026-02-01,Química clínica dedicada (A15/A25),,12502,CREATININE BSA 2x5x50 mL,,2958.0,lista,,,,Más IVA
PRECIOS 2026.pdf,2026-02-01,Química clínica dedicada (A15/A25),,12503,GLUCOSE 10x50mL,,1411.0,lista,,,,Más IVA
PRECIOS 2026.pdf,2026-02-01,Química clínica dedicada (A15/A25),,12504,BILIRUBIN (DIRECT) DPD BSA 5x50 mL,,1804.0,lista,,,,Más IVA
PRECIOS 2026.pdf,2026-02-01,Química clínica dedicada (A15/A25),,12505,CHOLESTEROL BSA 10 x 50 mL,,3589.0,lista,,,,Más IVA
PRECIOS 2026.pdf,2026-02-01,Química clínica dedicada (A15/A25),,12506,BILIRUBIN (TOTAL) DPD BSA 5x50 mL,,1804.0,lista,,,,Más IVA
PRECIOS 2026.pdf,2026-02-01,Química clínica dedicada (A15/A25),,12508,PHOSPHORUS BSA 3x24+2x15 mL,,1283.0,lista,,,,Más IVA
PRECIOS 2026.pdf,2026-02-01,Química clínica dedicada (A15/A25),,12509,IRON FERROZINE BSA 5x50mL,,4159.0,lista,,,,Más IVA
PRECIOS 2026.pdf,2026-02-01,Química clínica dedicada (A15/A25),,12516,UREA/BUN - UV 5x50 mL,,2930.0,lista,,,,Más IVA
PRECIOS 2026.pdf,2026-02-01,Química clínica dedicada (A15/A25),,12518,ALKALINE PHOSPHATASE (ALP)AMP BSA5x20mL,,2231.0,lista,,,,Más IVA
PRECIOS 2026.pdf,2026-02-01,Química clínica dedicada (A15/A25),,12520,gamma-GLUTAMYL TRANSFERASE BSA 5x50 mL,,5054.0,lista,,,,Más IVA
PRECIOS 2026.pdf,2026-02-01,Química clínica dedicada (A15/A25),,12521,URIC ACID BSA 10x50 mL,,3302.0,lista,,,,Más IVA
PRECIOS 2026.pdf,2026-02-01,Química clínica dedicada (A15/A25),,12524,CREATINE KINASE (CK) BSA 3x15 mL,,8220.0,lista,,,,Más IVA
PRECIOS 2026.pdf,2026-02-01,Química clínica dedicada (A15/A25),,12526,ZINC 1x50 mL,,2577.0,lista,,,,Más IVA
PRECIOS 2026.pdf,2026-02-01,Química clínica dedicada (A15/A25),,12528,TRIGLYCERIDES BSA 10 x 50 mL,,7341.0,lista,,,,Más IVA
PRECIOS 2026.pdf,2026-02-01,Química clínica dedicada (A15/A25),,12531,ASPARTATE AMINOTRANS. (AST/GOT) 5x50mL,,4065.0,lista,,,,Más IVA
PRECIOS 2026.pdf,2026-02-01,Química clínica dedicada (A15/A25),,12532,AMMONIA A25 27 mL,,4519.0,lista,,,,Más IVA
PRECIOS 2026.pdf,2026-02-01,Química clínica dedicada (A15/A25),,12533,ALANINE AMINOTRANSFERASE (ALT/GPT) 5x50,,4065.0,lista,,,,Más IVA
PRECIOS 2026.pdf,2026-02-01,Química clínica dedicada (A15/A25),,12539,OXALATE A25 25 mL,,6156.0,lista,,,,Más IVA
PRECIOS 2026.pdf,2026-02-01,Química clínica dedicada (A15/A25),,12547,ALBUMIN BSA 5x50 mL,,1306.0,lista,,,,Más IVA
PRECIOS 2026.pdf,2026-02-01,Química clínica dedicada (A15/A25),,12550,alpha-AMYLASE - DIRECT BSA 5x20 mL,,9281.0,lista,,,,Más IVA
PRECIOS 2026.pdf,2026-02-01,Química clínica dedicada (A15/A25),,12566,CREATINE KINASE-MB (CK-MB) BSA 3x15 mL,,9169.0,lista,,,,Más IVA
PRECIOS 2026.pdf,2026-02-01,Química clínica dedicada (A15/A25),,12570,CALCIUM-ARSENAZO BSA 10x50 mL,,3220.0,lista,,,,Más IVA
PRECIOS 2026.pdf,2026-02-01,Química clínica dedicada (A15/A25),,12580,LACTATE DEHYDROGENASE (LDH) 5x50 mL,,9397.0,lista,,,,Más IVA
PRECIOS 2026.pdf,2026-02-01,Química clínica dedicada (A15/A25),,12754,ADENOSINE DEAMINASE (ADA) BSA 4x10 mL,,3156.0,lista,,,,Más IVA
PRECIOS 2026.pdf,2026-02-01,Química clínica dedicada (A15/A25),,12756,GLUCOSE-HEXOKINASE BSA 2x50 mL,,1401.0,lista,,,,Más IVA
PRECIOS 2026.pdf,2026-02-01,Química clínica dedicada (A15/A25),,12757,CHOLESTEROL HDL DIRECT TOOS BSA 4x20mL,,5567.0,lista,,,,Más IVA
PRECIOS 2026.pdf,2026-02-01,Química clínica dedicada (A15/A25),,12760,LIPASE BSA 30 mL,,3582.0,lista,,,,Más IVA
PRECIOS 2026.pdf,2026-02-01,Química clínica dedicada (A15/A25),,12785,CHOL LDL DIRECT TOOS BSA 4x20 mL,,6607.0,lista,,,,Más IVA
PRECIOS 2026.pdf,2026-02-01,Química clínica dedicada (A15/A25),,12789,ETHANOL BSA 1x20+1x7 mL,,5024.0,lista,,,,Más IVA
PRECIOS 2026.pdf,2026-02-01,Química clínica dedicada (A15/A25),,12797,MAGNESIUM BSA 5x20 mL,,501.0,lista,,,,Más IVA
PRECIOS 2026.pdf,2026-02-01,Química clínica dedicada (BA200/BA400),,21502,CREATININE BA 5 x 60 + 5 x 60 mL,,3538.0,lista,,,,Más IVA
PRECIOS 2026.pdf,2026-02-01,Química clínica dedicada (BA200/BA400),,21503,GLUCOSE BA 10 x 60 mL,,1909.0,lista,,,,Más IVA
PRECIOS 2026.pdf,2026-02-01,Química clínica dedicada (BA200/BA400),,21504,BILIRUBIN (DIRECT) DPD BA 4x60+4x15mL,,2166.0,lista,,,,Más IVA
PRECIOS 2026.pdf,2026-02-01,Química clínica dedicada (BA200/BA400),,21505,CHOLESTEROL BA 10 x 60 mL,,4612.0,lista,,,,Más IVA
PRECIOS 2026.pdf,2026-02-01,Química clínica dedicada (BA200/BA400),,21506,BILIRUBIN (TOTAL) DPD BA 8x60+8x15mL,,4324.0,lista,,,,Más IVA
PRECIOS 2026.pdf,2026-02-01,Química clínica dedicada (BA200/BA400),,21509,IRON FERROZINE BA 4x60+4x15 mL,,5777.0,lista,,,,Más IVA
PRECIOS 2026.pdf,2026-02-01,Química clínica dedicada (BA200/BA400),,21512,PROTEIN (URINE) BA 8x20 mL,,4047.0,lista,,,,Más IVA
PRECIOS 2026.pdf,2026-02-01,Química clínica dedicada (BA200/BA400),,21513,PROTEIN (TOTAL) BIREAGENT BA 2x60+2x20mL,,781.0,lista,,,,Más IVA
PRECIOS 2026.pdf,2026-02-01,Química clínica dedicada (BA200/BA400),,21516,UREA/BUN - UV BA 8x60+8x15 mL,,7659.0,lista,,,,Más IVA
PRECIOS 2026.pdf,2026-02-01,Química clínica dedicada (BA200/BA400),,21518,PHOSPHORUS BA 4x50+4x20 mL,,3567.0,lista,,,,Más IVA
PRECIOS 2026.pdf,2026-02-01,Química clínica dedicada (BA200/BA400),,21519,D-DIMER BA 1x20 + 1x10 mL,,10197.0,lista,,,,Más IVA
PRECIOS 2026.pdf,2026-02-01,Química clínica dedicada (BA200/BA400),,21520,gamma-GLUTAMYL TRANSFERASE BA4x60+4x15mL,,3428.0,lista,,,,Más IVA
PRECIOS 2026.pdf,2026-02-01,Química clínica dedicada (BA200/BA400),,21521,URIC ACID BA 10 x 60 mL,,4248.0,lista,,,,Más IVA
PRECIOS 2026.pdf,2026-02-01,Química clínica dedicada (BA200/BA400),,21528,TRIGLYCERIDES BA 10 x 60 mL,,9456.0,lista,,,,Más IVA
PRECIOS 2026.pdf,2026-02-01,Química clínica dedicada (BA200/BA400),,21531,AST/GOT 8x60+8x15mL,,9084.0,lista,,,,Más IVA
PRECIOS 2026.pdf,2026-02-01,Química clínica dedicada (BA200/BA400),,21533,ALT/GPT BA 8x60+8x15,,9084.0,lista,,,,Más IVA
PRECIOS 2026.pdf,2026-02-01,Química clínica dedicada (BA200/BA400),,21547,ALBUMIN BA 10 x 60 mL,,3626.0,lista,,,,Más IVA
PRECIOS 2026.pdf,2026-02-01,Química clínica dedicada (BA200/BA400),,21550,alpha-AMYLASE - DIRECT BA 8x20mL,,10943.0,lista,,,,Más IVA
PRECIOS 2026.pdf,2026-02-01,Química clínica dedicada (BA200/BA400),,21570,CALCIUM-ARSENAZO BA 10 x 60 mL,,4471.0,lista,,,,Más IVA
PRECIOS 2026.pdf,2026-02-01,Química clínica dedicada (BA200/BA400),,21580,LACTATE DEHYDROGENASE(LDH)BA 8x60+8x15mL,,8558.0,lista,,,,Más IVA
PRECIOS 2026.pdf,2026-02-01,Química clínica dedicada (BA200/BA400),,21592,ALP-AMP BA 4x60+4x15,,3904.0,lista,,,,Más IVA
PRECIOS 2026.pdf,2026-02-01,Química clínica dedicada (BA200/BA400),,21594,CHOL HDL DIRECT TOOS BA 4X60+4X20mL,,17215.0,lista,,,,Más IVA
PRECIOS 2026.pdf,2026-02-01,Química clínica dedicada (BA200/BA400),,21656,GLUCOSE-HEXOKINASE BA 4x60+4x15 mL,,4202.0,lista,,,,Más IVA
PRECIOS 2026.pdf,2026-02-01,Química clínica dedicada (BA200/BA400),,21760,LIPASE BA 1x20 mL + 1x10 mL,,3585.0,lista,,,,Más IVA
PRECIOS 2026.pdf,2026-02-01,Química clínica dedicada (BA200/BA400),,21785,CHOL LDL DIRECT TOOS BA 2x60+2x20 mL,,11742.0,lista,,,,Más IVA
PRECIOS 2026.pdf,2026-02-01,Química clínica dedicada (BA200/BA400),,21790,CREATINE KINASE (CK) BA 2x60+2x15 mL,,8140.0,lista,,,,Más IVA
PRECIOS 2026.pdf,2026-02-01,Química clínica dedicada (BA200/BA400),,21792,CREATINE KINASE-MB (CK-MB)BA 2x60+2x15mL,,10344.0,lista,,,,Más IVA
PRECIOS 2026.pdf,2026-02-01,Química clínica dedicada (BA200/BA400),,21797,MAGNESIUM BA 2x60+2x15 mL,,996.0,lista,,,,Más IVA
PRECIOS 2026.pdf,2026-02-01,Química clínica dedicada (BA200/BA400),,23502,CREATININE BA 5 x 20 + 5 x 20 mL,,1092.0,lista,,,,Más IVA
PRECIOS 2026.pdf,2026-02-01,Química clínica dedicada (BA200/BA400),,23503,GLUCOSE BA 4 x 60 mL,,637.0,lista,,,,Más IVA
PRECIOS 2026.pdf,2026-02-01,Química clínica dedicada (BA200/BA400),,23504,BILIRUBIN (DIRECT) DPD BA 1x60+1x15mL,,612.0,lista,,,,Más IVA
PRECIOS 2026.pdf,2026-02-01,Química clínica dedicada (BA200/BA400),,23505,CHOLESTEROL BA 4 x 60 mL,,2575.0,lista,,,,Más IVA
PRECIOS 2026.pdf,2026-02-01,Química clínica dedicada (BA200/BA400),,23506,BILIRUBIN (TOTAL) DPD BA 4x60+4x15mL,,2166.0,lista,,,,Más IVA
PRECIOS 2026.pdf,2026-02-01,Química clínica dedicada (BA200/BA400),,23509,IRON FERROZINE BA 2x60+2x15 mL,,3266.0,lista,,,,Más IVA
PRECIOS 2026.pdf,2026-02-01,Química clínica dedicada (BA200/BA400),,23512,PROTEIN (URINE) BA 4x20 mL,,1875.0,lista,,,,Más IVA
PRECIOS 2026.pdf,2026-02-01,Química clínica dedicada (BA200/BA400),,23513,PROTEIN (TOTAL) BIREAGENT BA 1x60+1x20mL,,489.0,lista,,,,Más IVA
PRECIOS 2026.pdf,2026-02-01,Química clínica dedicada (BA200/BA400),,23516,UREA/BUN - UV BA 4x60+4x15 mL,,4328.0,lista,,,,Más IVA
PRECIOS 2026.pdf,2026-02-01,Química clínica dedicada (BA200/BA400),,23518,PHOSPHORUS BA 1x50+1x20 mL,,1042.0,lista,,,,Más IVA
PRECIOS 2026.pdf,2026-02-01,Química clínica dedicada (BA200/BA400),,23520,gamma-GLUTAMYL TRANSFERASE BA2x60+2x15mL,,2039.0,lista,,,,Más IVA
PRECIOS 2026.pdf,2026-02-01,Química clínica dedicada (BA200/BA400),,23521,URIC ACID BA 4 x 60 mL,,2719.0,lista,,,,Más IVA
PRECIOS 2026.pdf,2026-02-01,Química clínica dedicada (BA200/BA400),,23528,TRIGLYCERIDES BA 4 x 60 mL,,1849.0,lista,,,,Más IVA
PRECIOS 2026.pdf,2026-02-01,Química clínica dedicada (BA200/BA400),,23531,AST/GOT BA 4x60+4x15mL,,4850.0,lista,,,,Más IVA
PRECIOS 2026.pdf,2026-02-01,Química clínica dedicada (BA200/BA400),,23532,AMMONIA BA 1x20+1x7mL,,4970.0,lista,,,,Más IVA
PRECIOS 2026.pdf,2026-02-01,Química clínica dedicada (BA200/BA400),,23533,ALT/GPT BA 4x60+4x15,,4850.0,lista,,,,Más IVA
PRECIOS 2026.pdf,2026-02-01,Química clínica dedicada (BA200/BA400),,23539,OXALATE BA 1x20mL + 1x5mL,,5538.0,lista,,,,Más IVA
PRECIOS 2026.pdf,2026-02-01,Química clínica dedicada (BA200/BA400),,23547,ALBUMIN BA 4 x 60 mL,,1656.0,lista,,,,Más IVA
PRECIOS 2026.pdf,2026-02-01,Química clínica dedicada (BA200/BA400),,23570,CALCIUM-ARSENAZO BA 4 x 60 mL,,1994.0,lista,,,,Más IVA
PRECIOS 2026.pdf,2026-02-01,Química clínica dedicada (BA200/BA400),,23580,LACTATE DEHYDROGENASE(LDH)BA 4x60+4x15mL,,4485.0,lista,,,,Más IVA
PRECIOS 2026.pdf,2026-02-01,Química clínica dedicada (BA200/BA400),,23592,ALKALINE PHOSPHATASE (ALP)-AMP BA 60+15,,1877.0,lista,,,,Más IVA
PRECIOS 2026.pdf,2026-02-01,Química clínica dedicada (BA200/BA400),,23594,CHOLESTEROL HDL D TOOS BA 1x60+1x20mL,,5387.0,lista,,,,Más IVA
PRECIOS 2026.pdf,2026-02-01,Química clínica dedicada (BA200/BA400),,23754,ADA BA 2x16mL + 1x10mL,,4186.0,lista,,,,Más IVA
PRECIOS 2026.pdf,2026-02-01,Química clínica dedicada (BA200/BA400),,23785,CHOL LDL DIRECT TOOS BA 1x60+1x20 mL,,7601.0,lista,,,,Más IVA
PRECIOS 2026.pdf,2026-02-01,Química clínica dedicada (BA200/BA400),,23790,CREATINE KINASE (CK) BA 1x60+1x15 mL,,4668.0,lista,,,,Más IVA
PRECIOS 2026.pdf,2026-02-01,Química clínica dedicada (BA200/BA400),,23792,CREATINE KINASE-MB (CK-MB) BA 1x60+1x15mL,,5996.0,lista,,,,Más IVA
PRECIOS 2026.pdf,2026-02-01,Química clínica dedicada (BA200/BA400),,23797,MAGNESIUM BA 1x60+1x15 mL,,655.0,lista,,,,Más IVA
PRECIOS 2026.pdf,2026-02-01,Química clínica dedicada (BA200/BA400),,23927,CRP-hs BA 1x60+1x15mL,,7257.0,lista,,,,Más IVA
PRECIOS 2026.pdf,2026-02-01,Turbidimetría manual,,31070,IMMUNOGLOBULIN G (IgG) 50 mL,,2265.0,lista,,,,Más IVA
PRECIOS 2026.pdf,2026-02-01,Turbidimetría manual,,31071,IMMUNOGLOBULIN A (IgA) 50 mL,,2265.0,lista,,,,Más IVA
PRECIOS 2026.pdf,2026-02-01,Turbidimetría manual,,31072,IMMUNOGLOBULIN M (IgM) 50 mL,,2265.0,lista,,,,Más IVA
PRECIOS 2026.pdf,2026-02-01,Turbidimetría manual,,31073,COMPLEMENT COMPONENT C3 50 mL,,2705.0,lista,,,,Más IVA
PRECIOS 2026.pdf,2026-02-01,Turbidimetría manual,,31074,COMPLEMENT COMPONENT C4 50 mL,,2705.0,lista,,,,Más IVA
PRECIOS 2026.pdf,2026-02-01,Turbidimetría manual,,31081,IMMUNOGLOBULIN G (IgG) 20 mL,,1096.0,lista,,,,Más IVA
PRECIOS 2026.pdf,2026-02-01,Turbidimetría manual,,31082,IMMUNOGLOBULIN A (IgA) 20 mL,,1096.0,lista,,,,Más IVA
PRECIOS 2026.pdf,2026-02-01,Turbidimetría manual,,31083,IMMUNOGLOBULIN M (IgM) 20 mL,,1096.0,lista,,,,Más IVA
PRECIOS 2026.pdf,2026-02-01,Turbidimetría manual,,31084,COMPLEMENT COMPONENT C3 20 mL,,1191.0,lista,,,,Más IVA
PRECIOS 2026.pdf,2026-02-01,Turbidimetría manual,,31085,COMPLEMENT COMPONENT C4 20 mL,,1191.0,lista,,,,Más IVA
PRECIOS 2026.pdf,2026-02-01,Turbidimetría manual,,31091,TRANSFERRIN 20 mL,,1476.0,lista,,,,Más IVA
PRECIOS 2026.pdf,2026-02-01,Turbidimetría manual,,31092,TRANSFERRIN 50 mL,,3330.0,lista,,,,Más IVA
PRECIOS 2026.pdf,2026-02-01,Turbidimetría manual,,31095,APOLIPOPROTEIN A-I (APO A-I) 50 mL,,3079.0,lista,,,,Más IVA
PRECIOS 2026.pdf,2026-02-01,Turbidimetría manual,,31098,APOLIPOPROTEIN B (APO B) 50 mL,,3079.0,lista,,,,Más IVA
PRECIOS 2026.pdf,2026-02-01,Turbidimetría manual,,31321,C-REACTIVE PROTEIN (CRP) 20 mL,,1747.0,lista,,,,Más IVA
PRECIOS 2026.pdf,2026-02-01,Turbidimetría manual,,31323,ANTI-STREPTOLYSIN O (ASO) 20 mL,,1747.0,lista,,,,Más IVA
PRECIOS 2026.pdf,2026-02-01,Turbidimetría manual,,31324,ALBUMIN (MICROALBUMINURIA) 20 mL,,2133.0,lista,,,,Más IVA
PRECIOS 2026.pdf,2026-02-01,Turbidimetría manual,,31600,FIBRINOGEN 50 mL,,15591.0,lista,,,,Más IVA
PRECIOS 2026.pdf,2026-02-01,Turbidimetría manual,,31921,C-REACTIVE PROTEIN (CRP) 50 mL,,3788.0,lista,,,,Más IVA
PRECIOS 2026.pdf,2026-02-01,Turbidimetría manual,,31922,RHEUMATOID FACTORS (RF) 50 mL,,4092.0,lista,,,,Más IVA
PRECIOS 2026.pdf,2026-02-01,Turbidimetría manual,,31923,ANTI-STREPTOLYSIN O (ASO) 50 mL,,3788.0,lista,,,,Más IVA
PRECIOS 2026.pdf,2026-02-01,Turbidimetría manual,,31924,ALBUMIN (MICROALBUMINURIA) 50 mL,,4862.0,lista,,,,Más IVA
PRECIOS 2026.pdf,2026-02-01,Turbidimetría manual,,31925,beta2-MICROGLOBULIN 50 mL,,3579.0,lista,,,,Más IVA
PRECIOS 2026.pdf,2026-02-01,Turbidimetría manual,,31927,C-REACTIVE PROTEIN-hs (CRP-hs) 50 mL,,4838.0,lista,,,,Más IVA
PRECIOS 2026.pdf,2026-02-01,Turbidimetría manual,,31928,ACID alpha1-GLYCOPROTEIN 50 mL,,5150.0,lista,,,,Más IVA
PRECIOS 2026.pdf,2026-02-01,Turbidimetría manual,,31929,PREALBUMIN 50 mL,,5966.0,lista,,,,Más IVA
PRECIOS 2026.pdf,2026-02-01,Turbidimetría manual,,31934,FERRITIN 15 mL,,2907.0,lista,,,,Más IVA
PRECIOS 2026.pdf,2026-02-01,Turbidimetría manual,,31935,FERRITIN 45 mL,,7141.0,lista,,,,Más IVA
PRECIOS 2026.pdf,2026-02-01,Turbidimetría dedicada (A15/A25),,13047,HbA1C-DIR BSA 60mL,,18264.0,lista,,,,Más IVA
PRECIOS 2026.pdf,2026-02-01,Turbidimetría dedicada (A15/A25),,13081,IMMUNOGLOBULIN G (IgG) BSA 50 mL,,3315.0,lista,,,,Más IVA
PRECIOS 2026.pdf,2026-02-01,Turbidimetría dedicada (A15/A25),,13082,IMMUNOGLOBULIN A (IgA) BSA 50 mL,,3315.0,lista,,,,Más IVA
PRECIOS 2026.pdf,2026-02-01,Turbidimetría dedicada (A15/A25),,13083,IMMUNOGLOBULIN M (IgM) BSA 50 mL,,3315.0,lista,,,,Más IVA
PRECIOS 2026.pdf,2026-02-01,Turbidimetría dedicada (A15/A25),,13084,COMPLEMENT COMPONENT C3 BSA 50 mL,,3579.0,lista,,,,Más IVA
PRECIOS 2026.pdf,2026-02-01,Turbidimetría dedicada (A15/A25),,13085,COMPLEMENT COMPONENT C4 BSA 50 mL,,3579.0,lista,,,,Más IVA
PRECIOS 2026.pdf,2026-02-01,Turbidimetría dedicada (A15/A25),,13091,TRANSFERRIN BSA 50 mL,,6495.0,lista,,,,Más IVA
PRECIOS 2026.pdf,2026-02-01,Turbidimetría dedicada (A15/A25),,13324,ALBUMIN (MICROALBUMINURIA) BSA 50 mL,,3592.0,lista,,,,Más IVA
PRECIOS 2026.pdf,2026-02-01,Turbidimetría dedicada (A15/A25),,13519,D-DIMER BSA 30 mL,,9270.0,lista,,,,Más IVA
PRECIOS 2026.pdf,2026-02-01,Turbidimetría dedicada (A15/A25),,13921,C-REACTIVE PROTEIN (CRP) 2x50 mL,,6872.0,lista,,,,Más IVA
PRECIOS 2026.pdf,2026-02-01,Turbidimetría dedicada (A15/A25),,13922,RHEUMATOID FACTORS (RF) 50 mL,,3579.0,lista,,,,Más IVA
PRECIOS 2026.pdf,2026-02-01,Turbidimetría dedicada (A15/A25),,13923,ANTI-STREPTOLYSIN O (ASO) BSA 50 mL,,3645.0,lista,,,,Más IVA
PRECIOS 2026.pdf,2026-02-01,Turbidimetría dedicada (A15/A25),,13927,C-REACTIVE PROTEIN-hs (CRP-hs) BSA 50 mL,,4838.0,lista,,,,Más IVA
PRECIOS 2026.pdf,2026-02-01,Turbidimetría dedicada (A15/A25),,13934,FERRITIN BSA 45 mL,,6796.0,lista,,,,Más IVA
PRECIOS 2026.pdf,2026-02-01,Turbidimetría dedicada (BA200/BA400),,22105,TRANSFERRIN BA 2x60+2x15 mL,,10539.0,lista,,,,Más IVA
PRECIOS 2026.pdf,2026-02-01,Turbidimetría dedicada (BA200/BA400),,22147,HbA1C-DIR 1x60+1x12mL,,19406.0,lista,,,,Más IVA
PRECIOS 2026.pdf,2026-02-01,Turbidimetría dedicada (BA200/BA400),,22324,ALBUMIN (MICROALBUMINURIA) BA 4x60+4x15,,16162.0,lista,,,,Más IVA
PRECIOS 2026.pdf,2026-02-01,Turbidimetría dedicada (BA200/BA400),,22921,C-REACTIVE PROTEIN (CRP) BA 4x60+4x15 mL,,21289.0,lista,,,,Más IVA
PRECIOS 2026.pdf,2026-02-01,Turbidimetría dedicada (BA200/BA400),,22922,RHEUMATOID FACTORS (RF) BA 4x60+4x15 mL,,21289.0,lista,,,,Más IVA
PRECIOS 2026.pdf,2026-02-01,Turbidimetría dedicada (BA200/BA400),,22923,ANTI-STREPTOLYSIN O BA 2x60+2x15 mL,,10785.0,lista,,,,Más IVA
PRECIOS 2026.pdf,2026-02-01,Turbidimetría dedicada (BA200/BA400),,22927,CRP-hs BA 2x60+2x15mL,,12662.0,lista,,,,Más IVA
PRECIOS 2026.pdf,2026-02-01,Turbidimetría dedicada (BA200/BA400),,22934,FERRITIN BA 2x40+2x20mL,,15579.0,lista,,,,Más IVA
PRECIOS 2026.pdf,2026-02-01,Turbidimetría dedicada (BA200/BA400),,23095,APO A-I BA 1x60+1x15mL,,7416.0,lista,,,,Más IVA
PRECIOS 2026.pdf,2026-02-01,Turbidimetría dedicada (BA200/BA400),,23098,APOLIPOPROTEIN B (APO B) BA 1x60+1x15 mL,,7416.0,lista,,,,Más IVA
PRECIOS 2026.pdf,2026-02-01,Turbidimetría dedicada (BA200/BA400),,23100,IMMUNOGLOBULIN G (IgG) BA 1x60+1x15 mL,,3698.0,lista,,,,Más IVA
PRECIOS 2026.pdf,2026-02-01,Turbidimetría dedicada (BA200/BA400),,23101,IMMUNOGLOBULIN A (IgA) BA 1x60+1x15 mL,,3698.0,lista,,,,Más IVA
PRECIOS 2026.pdf,2026-02-01,Turbidimetría dedicada (BA200/BA400),,23102,IMMUNOGLOBULIN M (IgM) BA 1x60+1x15 mL,,3698.0,lista,,,,Más IVA
PRECIOS 2026.pdf,2026-02-01,Turbidimetría dedicada (BA200/BA400),,23103,COMPLEMENT COMPONENT C3 BA 1x60+1x15 mL,,3836.0,lista,,,,Más IVA
PRECIOS 2026.pdf,2026-02-01,Turbidimetría dedicada (BA200/BA400),,23104,COMPLEMENT COMPONENT C4 BA 1x60+1x15 mL,,3836.0,lista,,,,Más IVA
PRECIOS 2026.pdf,2026-02-01,Turbidimetría dedicada (BA200/BA400),,23105,TRANSFERRIN BA 1x60+1x15 mL,,6699.0,lista,,,,Más IVA
PRECIOS 2026.pdf,2026-02-01,Turbidimetría dedicada (BA200/BA400),,23106,PREALBUMIN BA 1x60+1x15 mL,,5302.0,lista,,,,Más IVA
PRECIOS 2026.pdf,2026-02-01,Turbidimetría dedicada (BA200/BA400),,23804,FIBRINOGEN BA 1x60+1x15mL,,22357.0,lista,,,,Más IVA
PRECIOS 2026.pdf,2026-02-01,Turbidimetría dedicada (BA200/BA400),,23922,RHEUMATOID FACTORS (RF) BA 1x60+1x15 mL,,5665.0,lista,,,,Más IVA
PRECIOS 2026.pdf,2026-02-01,Turbidimetría dedicada (BA200/BA400),,23923,ANTI-STREPTOLYSIN O (ASO) BA 1x60+1x15mL,,5534.0,lista,,,,Más IVA
PRECIOS 2026.pdf,2026-02-01,Turbidimetría dedicada (BA200/BA400),,23934,FERRITIN BA 1x40+1x20mL,,9353.0,lista,,,,Más IVA
PRECIOS 2026.pdf,2026-02-01,Calibradores y controles,,11603,PROTEIN (URINE) 5 mL STD,,649.0,lista,,,,Más IVA
PRECIOS 2026.pdf,2026-02-01,Calibradores y controles,,11693,CHOLESTEROL HDL/LDL CALIBRATOR 1 mL,,350.0,lista,,,,Más IVA
PRECIOS 2026.pdf,2026-02-01,Calibradores y controles,,18001,HEMOGLOBIN A1C CONTROL (NORMAL) 0.5 mL,,1185.0,lista,,,,Más IVA
PRECIOS 2026.pdf,2026-02-01,Calibradores y controles,,18002,HEMOGLOBIN A1C CONTROL (ELEVATED) 0.5 mL,,3950.0,lista,,,,Más IVA
PRECIOS 2026.pdf,2026-02-01,Calibradores y controles,,18009,BIOCHEMISTRY CONTROL SERUM I 5x5 mL,,1915.0,lista,,,,Más IVA
PRECIOS 2026.pdf,2026-02-01,Calibradores y controles,,18010,BIOCHEMISTRY CONTROL SERUM II 5x5 mL,,1915.0,lista,,,,Más IVA
PRECIOS 2026.pdf,2026-02-01,Calibradores y controles,,18011,BIOCHEMISTRY CALIBRATOR 5x5mL,,1915.0,lista,,,,Más IVA
PRECIOS 2026.pdf,2026-02-01,Calibradores y controles,,18024,CK-MB CONTROL SERUM 1 mL,,529.0,lista,,,,Más IVA
PRECIOS 2026.pdf,2026-02-01,Calibradores y controles,,18040,LIPID CONTROL SERUM I 3x1 mL,,2167.0,lista,,,,Más IVA
PRECIOS 2026.pdf,2026-02-01,Calibradores y controles,,18041,LIPID CONTROL SERUM II 3x1 mL,,2167.0,lista,,,,Más IVA
PRECIOS 2026.pdf,2026-02-01,Calibradores y controles,,18042,BIOCHEMISTRY CONTROL SERUM I (H) 5x5mL,,5177.0,lista,,,,Más IVA
PRECIOS 2026.pdf,2026-02-01,Calibradores y controles,,18043,BIOCHEMISTRY CTRL SERUM II (HUMAN) 5x5mL,,5177.0,lista,,,,Más IVA
PRECIOS 2026.pdf,2026-02-01,Calibradores y controles,,18044,BIOCHEMISTRY CALIBRATOR HUMAN,,5177.0,lista,,,,Más IVA
PRECIOS 2026.pdf,2026-02-01,Calibradores y controles,,18048,ADA CONTROLS 2x1 mL,,821.0,lista,,,,Más IVA
PRECIOS 2026.pdf,2026-02-01,Calibradores y controles,,18052,ADA STANDARD 1 mL,,523.0,lista,,,,Más IVA
PRECIOS 2026.pdf,2026-02-01,Calibradores y controles,,18053,FERTILITY BIOCHEMISTRY CONTROL 1 mL,,2041.0,lista,,,,Más IVA
PRECIOS 2026.pdf,2026-02-01,Calibradores y controles,,18054,BIOCHEMISTRY CONTROL URINE 1x5 mL,,321.0,lista,,,,Más IVA
PRECIOS 2026.pdf,2026-02-01,Calibradores y controles,,18057,FRUCTOSAMINE CONTROL SERUM 1x1mL,,845.0,lista,,,,Más IVA
PRECIOS 2026.pdf,2026-02-01,Calibradores y controles,,18062,OXALATE CONTROL URINE II 1x5 mL,,716.0,lista,,,,Más IVA
PRECIOS 2026.pdf,2026-02-01,Calibradores y controles,,18063,AMMONIA/ETHANOL/CO2 CONTROL I 3x5mL,,4438.0,lista,,,,Más IVA
PRECIOS 2026.pdf,2026-02-01,Calibradores y controles,,18064,AMMONIA/ETHANOL/CO2 CONTROL II 3x5mL,,4438.0,lista,,,,Más IVA
PRECIOS 2026.pdf,2026-02-01,Calibradores y controles,,18065,AMMONIA/ETHANOL/CO2 CALIBRATOR 2x5mL,,4295.0,lista,,,,Más IVA
PRECIOS 2026.pdf,2026-02-01,Calibradores y controles,,18066,BIOCHEMISTRY CONTROL URINE II 1x5 mL,,1289.0,lista,,,,Más IVA
PRECIOS 2026.pdf,2026-02-01,Calibradores y controles,,18077,D-DIMER STANDARD 4x0.5mL,,2884.0,lista,,,,Más IVA
PRECIOS 2026.pdf,2026-02-01,Calibradores y controles,,18078,D-DIMER CONTROLS 2x1mL,,2884.0,lista,,,,Más IVA
PRECIOS 2026.pdf,2026-02-01,Calibradores y controles,,18080,OXALATE CONTROL URINE I 1x5 mL,,835.0,lista,,,,Más IVA
PRECIOS 2026.pdf,2026-02-01,Calibradores y controles,,31048,HbA1C-DIR STANDARDS 4x0.5 mL,,9664.0,lista,,,,Más IVA
PRECIOS 2026.pdf,2026-02-01,Calibradores y controles,,31075,PROTEIN CALIBRATORS 5x1 mL,,3355.0,lista,,,,Más IVA
PRECIOS 2026.pdf,2026-02-01,Calibradores y controles,,31100,APOLIPOPROTEIN A-I STANDARD 1 mL,,562.0,lista,,,,Más IVA
PRECIOS 2026.pdf,2026-02-01,Calibradores y controles,,31113,C-REACTIVE PROTEIN / CRP-hs STD 1mL/5mL,,206.0,lista,,,,Más IVA
PRECIOS 2026.pdf,2026-02-01,Calibradores y controles,,31116,RHEUMATOID FACTORS (RF) STANDARD 3 mL,,206.0,lista,,,,Más IVA
PRECIOS 2026.pdf,2026-02-01,Calibradores y controles,,31119,ANTI-STREPTOLYSIN (ASO) STANDARD 1 mL,,206.0,lista,,,,Más IVA
PRECIOS 2026.pdf,2026-02-01,Calibradores y controles,,31122,beta2-MICROGLOBULIN STANDARD 1 mL,,859.0,lista,,,,Más IVA
PRECIOS 2026.pdf,2026-02-01,Calibradores y controles,,31127,FERRITIN STANDARD 3 mL,,206.0,lista,,,,Más IVA
PRECIOS 2026.pdf,2026-02-01,Calibradores y controles,,31130,ALBUMIN (MICROALBUMINURIA) STD 1 mL,,206.0,lista,,,,Más IVA
PRECIOS 2026.pdf,2026-02-01,Calibradores y controles,,31200,APOLIPOPROTEIN B STANDARD 1 mL,,562.0,lista,,,,Más IVA
PRECIOS 2026.pdf,2026-02-01,Calibradores y controles,,31211,PROTEIN CONTROL SERUM LEVEL I 3x1 mL,,3461.0,lista,,,,Más IVA
PRECIOS 2026.pdf,2026-02-01,Calibradores y controles,,31212,PROTEIN CONTROL SERUM LEVEL II 3x1 mL,,3461.0,lista,,,,Más IVA
PRECIOS 2026.pdf,2026-02-01,Calibradores y controles,,31213,RHEUMATOID CONTROL SERUM I 3x1 mL,,2107.0,lista,,,,Más IVA
PRECIOS 2026.pdf,2026-02-01,Calibradores y controles,,31214,RHEUMATOID CONTROL SERUM II 3x1 mL,,2107.0,lista,,,,Más IVA
PRECIOS 2026.pdf,2026-02-01,Calibradores y controles,,31592,B2-MG CONTROLS 2x1mL,,844.0,lista,,,,Más IVA
PRECIOS 2026.pdf,2026-02-01,Calibradores y controles,,31601,FIBRINOGEN STANDARD 1 mL,,3579.0,lista,,,,Más IVA
PRECIOS 2026.pdf,2026-02-01,Calibradores y controles,,31602,FIBRINOGEN CONTROL PLASMA 1 mL,,3254.0,lista,,,,Más IVA
PRECIOS 2026.pdf,2026-02-01,Serología,,31011,C-REACTIVE PROTEIN (CRP) - SLIDE 50 t,,961.0,lista,,,,Más IVA
PRECIOS 2026.pdf,2026-02-01,Serología,,31012,C-REACTIVE PROTEIN (CRP) - SLIDE 150 t,,1731.0,lista,,,,Más IVA
PRECIOS 2026.pdf,2026-02-01,Serología,,31013,RHEUMATOID FACTORS (RF) - SLIDE 50 t,,880.0,lista,,,,Más IVA
PRECIOS 2026.pdf,2026-02-01,Serología,,31014,RHEUMATOID FACTORS (RF) - TEST 150 t,,1588.0,lista,,,,Más IVA
PRECIOS 2026.pdf,2026-02-01,Serología,,31019,ANTI-STREPTOLYSIN O (ASO) - SLIDE 50 t,,1068.0,lista,,,,Más IVA
PRECIOS 2026.pdf,2026-02-01,Serología,,31086,ANTI-STREPTOLYSIN O (ASO) - TEST 150 t,,1783.0,lista,,,,Más IVA
PRECIOS 2026.pdf,2026-02-01,Serología,,36001,RPR-CARBON 100 t,,971.0,lista,,,,Más IVA
PRECIOS 2026.pdf,2026-02-01,Serología,,36002,RPR-CARBON 500 t,,2912.0,lista,,,,Más IVA
PRECIOS 2026.pdf,2026-02-01,Prevecal,,18027,PREVECAL BIOCHEMISTRY BOVINE 12x5 mL,,5349.75,lista,,,,Más IVA
PRECIOS 2026.pdf,2026-02-01,Prevecal,,18045,PREVECAL BIOCHEMISTRY HUMAN 12x5 mL,,6095.0,lista,,,,Más IVA
PRECIOS 2026.pdf,2026-02-01,Prevecal,,18046,PREVECAL HEP-2 IFA 12x0.3 mL,,8206.0,lista,,,,Más IVA
PRECIOS 2026.pdf,2026-02-01,Prevecal,,18056,PREVECAL ANCA 4x0.3 mL,,8206.0,lista,,,,Más IVA
PRECIOS 2026.pdf,2026-02-01,Prevecal,,31009,PREVECAL RHEUMA 12x1 mL,,5349.75,lista,,,,Más IVA
PRECIOS 2026.pdf,2026-02-01,Prevecal,,31010,PREVECAL PROTEINS 12x1 mL,,5349.75,lista,,,,Más IVA
PRECIOS 2026.pdf,2026-02-01,Consumibles,,AC10770,AX5/BAX00 - SAMPLE WELLS (1000 UNITS),,1685.0,lista,,,,Más IVA
PRECIOS 2026.pdf,2026-02-01,Consumibles,,AC11485,AX5/BAX00 - REACTION ROTOR (10 UNITS),,2853.0,lista,,,,Más IVA
PRECIOS 2026.pdf,2026-02-01,Consumibles,,AC16362,BAX00-REAGENT BOTTLES 60ML (10 U),,3951.0,lista,,,,Más IVA
PRECIOS 2026.pdf,2026-02-01,Consumibles,,AC16363,BAX00-REAGENT BOTTLES 20ML (10 U),,2694.0,lista,,,,Más IVA
PRECIOS 2026.pdf,2026-02-01,Consumibles,,AC16434,CONCENTRATED WASHING SOLUTION 500 mL,,5629.0,lista,,,,Más IVA
PRECIOS 2026.pdf,2026-02-01,Consumibles,,AC17201,ACID WASHING SOLUTION BA 4X20 mL,,1195.0,lista,,,,Más IVA
PRECIOS 2026.pdf,2026-02-01,Consumibles,,AC17205,ALKALINE WASHING SOLUTION BA 4x15 mL,,1195.0,lista,,,,Más IVA
PRECIOS 2026.pdf,2026-02-01,Consumibles,,BO10771,WASHING SOLUTION BSA 1 L,,385.0,lista,,,,Más IVA
PRECIOS 2026.pdf,2026-02-01,Consumibles,,BO11493,A15/A25-50mL BOTTLE WITH CAP (10 UNITS),,4267.0,lista,,,,Más IVA
PRECIOS 2026.pdf,2026-02-01,Consumibles,,BO11494,A15/A25-20mL BOTTLE WITH CAP (10 UNITS),,2910.0,lista,,,,Más IVA
PRECIOS 2026.pdf,2026-02-01,Consumibles,,BO11524,CONCENTRATED SYSTEM LIQUID BSA 1 L,,1777.0,lista,,,,Más IVA
PRECIOS 2026.pdf,2026-02-01,Consumibles,,BO13416,CONCENTRATED WASHING SOLUTION BSA 100 mL,,1941.0,lista,,,,Más IVA
PRECIOS 2026.pdf,2026-02-01,Consumibles,,LA10418U,HALOGEN LAMP 12V/20W (1 UNID) - A25,,1321.0,lista,,,,Más IVA
PRECIOS 2026.pdf,2026-02-01,Consumibles,,LA10429U,6V/10W HAL.LAMPS PACK (1 UNIT) - A15,,803.0,lista,,,,Más IVA
PRECIOS AUTOINMUN.pdf,2025-06-10,Autoinmunidad,Consumibles iPRO,44592,PBS BUFFER (10X) 100 ML,,495.0,lista,,,,Más IVA
PRECIOS AUTOINMUN.pdf,2025-06-10,Autoinmunidad,Consumibles iPRO,AC14682,TUBO PARA DILUCIÓN 1.1ML STIRIPS 1000 PZAS,,2407.0,lista,,,,Más IVA
PRECIOS AUTOINMUN.pdf,2025-06-10,Autoinmunidad,Consumibles iPRO,BO13416,SOLUCIÓN DE LAVADO CONCENTRADA 100 ML,,1884.0,lista,,,,Más IVA
PRECIOS AUTOINMUN.pdf,2025-06-10,Autoinmunidad,ELISAS,44750,AC. ANTI-SSB (La) 96 tests,,4950.0,lista,,,,Más IVA
PRECIOS AUTOINMUN.pdf,2025-06-10,Autoinmunidad,ELISAS,44754,AC. ANTI-tTRANSGLUTAMINASA (IgA) 96 tests,,4980.0,lista,,,,Más IVA
PRECIOS AUTOINMUN.pdf,2025-06-10,Autoinmunidad,ELISAS,44755,AC. ANTI-Sm 96 tests,,4950.0,lista,,,,Más IVA
PRECIOS AUTOINMUN.pdf,2025-06-10,Autoinmunidad,ELISAS,44765,AC. ANTI-SSA (Ro) 96 tests,,4950.0,lista,,,,Más IVA
PRECIOS AUTOINMUN.pdf,2025-06-10,Autoinmunidad,ELISAS,44770,AC. ANTI-Sm/RNP 96 tests,,4950.0,lista,,,,Más IVA
PRECIOS AUTOINMUN.pdf,2025-06-10,Autoinmunidad,ELISAS,44780,AC. ANTI-CARDIOLIPINA (IgG/IgM) 96 tests,,5500.0,lista,,,,Más IVA
PRECIOS AUTOINMUN.pdf,2025-06-10,Autoinmunidad,ELISAS,44785,ANA-SCREENING 96 tests,,5200.0,lista,,,,Más IVA
PRECIOS AUTOINMUN.pdf,2025-06-10,Autoinmunidad,ELISAS,44798,AC. ANTI-tTRANSGLUTAMINASA (IgG) 96 tests,,4980.0,lista,,,,Más IVA
PRECIOS AUTOINMUN.pdf,2025-06-10,Autoinmunidad,ELISAS,44860,AC. ANTI-PROTEÍNA CITRULINADA (IgG) 96 tests,,4500.0,lista,,,,Más IVA
PRECIOS AUTOINMUN.pdf,2025-06-10,Autoinmunidad,ELISAS,44863,AC. ANTI-Scl70 96 tests,,5500.0,lista,,,,Más IVA
PRECIOS AUTOINMUN.pdf,2025-06-10,Autoinmunidad,ELISAS,44864,AC. ANTI-Jo1 96 tests,,4800.0,lista,,,,Más IVA
PRECIOS AUTOINMUN.pdf,2025-06-10,Autoinmunidad,ELISAS,44865,AC. ANTI-CENTRÓMERO B (CENP-B) 96 tests,,4800.0,lista,,,,Más IVA
PRECIOS AUTOINMUN.pdf,2025-06-10,Autoinmunidad,ELISAS,44867,AC. ANTI-FOSFOLÍPIDO (IgG/IgM) 96 tests,,5200.0,lista,,,,Más IVA
PRECIOS AUTOINMUN.pdf,2025-06-10,Autoinmunidad,ELISAS,44868,AC. ANTI-ß2-GLICOPROTEÍNA 1 (IgG/IgM) 96 tests,,4900.0,lista,,,,Más IVA
PRECIOS AUTOINMUN.pdf,2025-06-10,Autoinmunidad,ELISAS,44872,AC. ANTI-SACCHAROMYCES CEREVISIAE (ASCA-IgG/IgA) 96 tests,,6200.0,lista,,,,Más IVA
PRECIOS AUTOINMUN.pdf,2025-06-10,Autoinmunidad,EQUIPOS DE PROCESO,84101,"PROCESADOR AUTOMATIZADO DE IFI, iPRO V2",,441914.0,lista,,,,Más IVA
PRECIOS AUTOINMUN.pdf,2025-06-10,Autoinmunidad,EQUIPOS DE PROCESO,84201,MICROSCOPIO DE EPIFLUORESCENCIA (LED) IMLD,,91260.0,lista,,,,Más IVA
PRECIOS AUTOINMUN.pdf,2025-06-10,Autoinmunidad,EQUIPOS DE PROCESO,AC17454,CAMARA BIOS ISCOPE PARA IMLD,,45000.0,lista,,,,Más IVA
PRECIOS AUTOINMUN.pdf,2025-06-10,Autoinmunidad,EQUIPOS DE PROCESO,ME15039,IMLD OBJETIVO 100X,,11405.0,lista,,,,Más IVA
PRECIOS AUTOINMUN.pdf,2025-06-10,Autoinmunidad,IFI veterinaria,44955,"kit completo, 10 portaobjetos de 12 pocillos",,11788.0,lista,,,,Más IVA
PRECIOS AUTOINMUN.pdf,2025-06-10,Autoinmunidad,INMUNOFLUORESCENCIA IFI,44508,"KIT completo,10 portaobjetos de 6 pocillos.",,3280.0,lista,,,,Más IVA
PRECIOS AUTOINMUN.pdf,2025-06-10,Autoinmunidad,INMUNOFLUORESCENCIA IFI,44509,"KIT completo,10 portaobjetos de 12 pocillos.",,6560.0,lista,,,,Más IVA
PRECIOS AUTOINMUN.pdf,2025-06-10,Autoinmunidad,INMUNOFLUORESCENCIA IFI,44818,"Kit completo,10 portaobjetos de 6 pocillos",,3800.0,lista,,,,Más IVA
PRECIOS AUTOINMUN.pdf,2025-06-10,Autoinmunidad,INMUNOFLUORESCENCIA IFI,44851,"ETANOL Kit completo,10 portaobjetos de 6 pocillos",,7840.0,lista,,,,Más IVA
PRECIOS AUTOINMUN.pdf,2025-06-10,Autoinmunidad,INMUNOFLUORESCENCIA IFI,44898,"FORMALINA Kit completo,10 portaobjetos de 6 pocillos",,6960.0,lista,,,,Más IVA
PRECIOS AUTOINMUN.pdf,2025-06-10,Autoinmunidad,INMUNOFLUORESCENCIA IFI TEJIDOS,44548,"Kit completo, 12 portaobjetos de 4 pocillos",,9200.0,lista,,,,Más IVA
PRECIOS AUTOINMUN.pdf,2025-06-10,Autoinmunidad,INMUNOFLUORESCENCIA IFI TEJIDOS,44558,"Kit completo, 12 portaobjetos de 4 pocillos",,5600.0,lista,,,,Más IVA
PRECIOS AUTOINMUN.pdf,2025-06-10,Autoinmunidad,INMUNOFLUORESCENCIA IFI TEJIDOS,44609,"Kit completo, 12 portaobjetos de 4 pocillos",,6200.0,lista,,,,Más IVA
PRECIOS AUTOINMUN.pdf,2025-06-10,Autoinmunidad,PREVECAL,18046,PREVECAL ANA 12 x 0.3 mL,,8206.0,lista,,,,Más IVA; Reporte: MENSUAL
PRECIOS AUTOINMUN.pdf,2025-06-10,Autoinmunidad,PREVECAL,18056,PREVECAL ANCA 4 x 0.3 mL,,8206.0,lista,,,,Más IVA; Reporte: TRIMESTRAL
PRECIOS ESQUIPOS.pdf,2023-02-01,Equipos Biosystems,Distribuidor,,A-15,,,financiamiento,254000.0,292100.0,,Más IVA
PRECIOS ESQUIPOS.pdf,2023-02-01,Equipos Biosystems,Distribuidor,,A-15 R,,,financiamiento,290000.0,333500.0,,Más IVA
PRECIOS ESQUIPOS.pdf,2023-02-01,Equipos Biosystems,Distribuidor,,A-25,,,financiamiento,325000.0,373750.0,,Más IVA
PRECIOS ESQUIPOS.pdf,2023-02-01,Equipos Biosystems,Distribuidor,,BA-200 C/ISE,,,financiamiento,620000.0,713000.0,744000.0,Más IVA
PRECIOS ESQUIPOS.pdf,2023-02-01,Equipos Biosystems,Distribuidor,,BA-200 S/ISE,,,financiamiento,550000.0,632000.0,660000.0,Más IVA
PRECIOS ESQUIPOS.pdf,2023-02-01,Equipos Biosystems,Distribuidor,,BA-400,,,financiamiento,750000.0,862500.0,900000.0,Más IVA
PRECIOS ESQUIPOS.pdf,2023-02-01,Equipos Biosystems,Distribuidor,,BA-400 C/ISE,,,financiamiento,800000.0,920000.0,960000.0,Más IVA
PRECIOS ESQUIPOS.pdf,2023-02-01,Equipos Biosystems,Distribuidor,,BTS,,,financiamiento,70000.0,,,Más IVA
PRECIOS ESQUIPOS.pdf,2023-02-01,Equipos Biosystems,Laboratorio,,A-15,,,financiamiento,292000.0,335800.0,,Más IVA
PRECIOS ESQUIPOS.pdf,2023-02-01,Equipos Biosystems,Laboratorio,,A-15 R,,,financiamiento,319000.0,366850.0,,Más IVA
PRECIOS ESQUIPOS.pdf,2023-02-01,Equipos Biosystems,Laboratorio,,A-25,,,financiamiento,374000.0,430000.0,,Más IVA
PRECIOS ESQUIPOS.pdf,2023-02-01,Equipos Biosystems,Laboratorio,,BA-200 C/ISE,,,financiamiento,713000.0,820000.0,855600.0,Más IVA
PRECIOS ESQUIPOS.pdf,2023-02-01,Equipos Biosystems,Laboratorio,,BA-200 S/ISE,,,financiamiento,632000.0,726800.0,758400.0,Más IVA
PRECIOS ESQUIPOS.pdf,2023-02-01,Equipos Biosystems,Laboratorio,,BA-400,,,financiamiento,862000.0,991300.0,1034000.0,Más IVA
PRECIOS ESQUIPOS.pdf,2023-02-01,Equipos Biosystems,Laboratorio,,BA-400 C/ISE,,,financiamiento,920000.0,1058000.0,1104000.0,Más IVA
PRECIOS ESQUIPOS.pdf,2023-02-01,Equipos Biosystems,Laboratorio,,BTS-350,,,financiamiento,80000.0,,,Más IVA
